SUB_ICB_CODE,SUB_ICB_NAME,ICB_CODE,REGION_CODE,REGION_NAME,Month,Forecast_Appointments
00L,NHS North East and North Cumbria ICB - 00L,E54000050,E40000012,North East and Yorkshire,2026-02,184913.16084150848
00L,NHS North East and North Cumbria ICB - 00L,E54000050,E40000012,North East and Yorkshire,2026-03,187603.3003097863
00L,NHS North East and North Cumbria ICB - 00L,E54000050,E40000012,North East and Yorkshire,2026-04,190648.64546539052
00L,NHS North East and North Cumbria ICB - 00L,E54000050,E40000012,North East and Yorkshire,2026-05,184658.96625860213
00L,NHS North East and North Cumbria ICB - 00L,E54000050,E40000012,North East and Yorkshire,2026-06,186302.87448475734
00L,NHS North East and North Cumbria ICB - 00L,E54000050,E40000012,North East and Yorkshire,2026-07,205388.0104007597
00L,NHS North East and North Cumbria ICB - 00L,E54000050,E40000012,North East and Yorkshire,2026-08,180305.42996197086
00L,NHS North East and North Cumbria ICB - 00L,E54000050,E40000012,North East and Yorkshire,2026-09,205856.32991306868
00L,NHS North East and North Cumbria ICB - 00L,E54000050,E40000012,North East and Yorkshire,2026-10,248592.43307614743
00L,NHS North East and North Cumbria ICB - 00L,E54000050,E40000012,North East and Yorkshire,2026-11,201872.95808780627
00L,NHS North East and North Cumbria ICB - 00L,E54000050,E40000012,North East and Yorkshire,2026-12,184859.9842891196
00L,NHS North East and North Cumbria ICB - 00L,E54000050,E40000012,North East and Yorkshire,2027-01,210623.8310427527
00N,NHS North East and North Cumbria ICB - 00N,E54000050,E40000012,North East and Yorkshire,2026-02,65529.78400949859
00N,NHS North East and North Cumbria ICB - 00N,E54000050,E40000012,North East and Yorkshire,2026-03,66421.83175382593
00N,NHS North East and North Cumbria ICB - 00N,E54000050,E40000012,North East and Yorkshire,2026-04,66312.68600241878
00N,NHS North East and North Cumbria ICB - 00N,E54000050,E40000012,North East and Yorkshire,2026-05,66018.27757941592
00N,NHS North East and North Cumbria ICB - 00N,E54000050,E40000012,North East and Yorkshire,2026-06,66859.09411406897
00N,NHS North East and North Cumbria ICB - 00N,E54000050,E40000012,North East and Yorkshire,2026-07,70063.77443229337
00N,NHS North East and North Cumbria ICB - 00N,E54000050,E40000012,North East and Yorkshire,2026-08,64464.715125042254
00N,NHS North East and North Cumbria ICB - 00N,E54000050,E40000012,North East and Yorkshire,2026-09,73926.80131178076
00N,NHS North East and North Cumbria ICB - 00N,E54000050,E40000012,North East and Yorkshire,2026-10,89139.88326534163
00N,NHS North East and North Cumbria ICB - 00N,E54000050,E40000012,North East and Yorkshire,2026-11,76493.53217242604
00N,NHS North East and North Cumbria ICB - 00N,E54000050,E40000012,North East and Yorkshire,2026-12,71098.73696757875
00N,NHS North East and North Cumbria ICB - 00N,E54000050,E40000012,North East and Yorkshire,2027-01,81189.77809345309
00P,NHS North East and North Cumbria ICB - 00P,E54000050,E40000012,North East and Yorkshire,2026-02,129848.37907954359
00P,NHS North East and North Cumbria ICB - 00P,E54000050,E40000012,North East and Yorkshire,2026-03,122595.15709940353
00P,NHS North East and North Cumbria ICB - 00P,E54000050,E40000012,North East and Yorkshire,2026-04,125236.3060565466
00P,NHS North East and North Cumbria ICB - 00P,E54000050,E40000012,North East and Yorkshire,2026-05,123576.57532068639
00P,NHS North East and North Cumbria ICB - 00P,E54000050,E40000012,North East and Yorkshire,2026-06,115121.64366599274
00P,NHS North East and North Cumbria ICB - 00P,E54000050,E40000012,North East and Yorkshire,2026-07,124750.81586079036
00P,NHS North East and North Cumbria ICB - 00P,E54000050,E40000012,North East and Yorkshire,2026-08,109722.37194465409
00P,NHS North East and North Cumbria ICB - 00P,E54000050,E40000012,North East and Yorkshire,2026-09,123773.95611652288
00P,NHS North East and North Cumbria ICB - 00P,E54000050,E40000012,North East and Yorkshire,2026-10,165708.01518796032
00P,NHS North East and North Cumbria ICB - 00P,E54000050,E40000012,North East and Yorkshire,2026-11,130626.09880192361
00P,NHS North East and North Cumbria ICB - 00P,E54000050,E40000012,North East and Yorkshire,2026-12,114128.13072327303
00P,NHS North East and North Cumbria ICB - 00P,E54000050,E40000012,North East and Yorkshire,2027-01,132003.9945914353
01H,NHS North East and North Cumbria ICB - 01H,E54000050,E40000012,North East and Yorkshire,2026-02,186187.14299492378
01H,NHS North East and North Cumbria ICB - 01H,E54000050,E40000012,North East and Yorkshire,2026-03,187997.42152982316
01H,NHS North East and North Cumbria ICB - 01H,E54000050,E40000012,North East and Yorkshire,2026-04,182533.3377355572
01H,NHS North East and North Cumbria ICB - 01H,E54000050,E40000012,North East and Yorkshire,2026-05,180923.22782779482
01H,NHS North East and North Cumbria ICB - 01H,E54000050,E40000012,North East and Yorkshire,2026-06,178531.74484770515
01H,NHS North East and North Cumbria ICB - 01H,E54000050,E40000012,North East and Yorkshire,2026-07,187910.80616675917
01H,NHS North East and North Cumbria ICB - 01H,E54000050,E40000012,North East and Yorkshire,2026-08,169353.8373477657
01H,NHS North East and North Cumbria ICB - 01H,E54000050,E40000012,North East and Yorkshire,2026-09,187279.223916758
01H,NHS North East and North Cumbria ICB - 01H,E54000050,E40000012,North East and Yorkshire,2026-10,222005.43778326106
01H,NHS North East and North Cumbria ICB - 01H,E54000050,E40000012,North East and Yorkshire,2026-11,188859.0164830732
01H,NHS North East and North Cumbria ICB - 01H,E54000050,E40000012,North East and Yorkshire,2026-12,172378.76256797672
01H,NHS North East and North Cumbria ICB - 01H,E54000050,E40000012,North East and Yorkshire,2027-01,199893.11992377072
02P,NHS South Yorkshire ICB - 02P,E54000061,E40000012,North East and Yorkshire,2026-02,123588.8443146138
02P,NHS South Yorkshire ICB - 02P,E54000061,E40000012,North East and Yorkshire,2026-03,122724.01389046363
02P,NHS South Yorkshire ICB - 02P,E54000061,E40000012,North East and Yorkshire,2026-04,124538.69645557286
02P,NHS South Yorkshire ICB - 02P,E54000061,E40000012,North East and Yorkshire,2026-05,121269.33548161935
02P,NHS South Yorkshire ICB - 02P,E54000061,E40000012,North East and Yorkshire,2026-06,119061.58522305671
02P,NHS South Yorkshire ICB - 02P,E54000061,E40000012,North East and Yorkshire,2026-07,129888.26620062375
02P,NHS South Yorkshire ICB - 02P,E54000061,E40000012,North East and Yorkshire,2026-08,114971.92284096178
02P,NHS South Yorkshire ICB - 02P,E54000061,E40000012,North East and Yorkshire,2026-09,126669.51700988357
02P,NHS South Yorkshire ICB - 02P,E54000061,E40000012,North East and Yorkshire,2026-10,152217.5612031603
02P,NHS South Yorkshire ICB - 02P,E54000061,E40000012,North East and Yorkshire,2026-11,122683.44867875929
02P,NHS South Yorkshire ICB - 02P,E54000061,E40000012,North East and Yorkshire,2026-12,111739.38590098725
02P,NHS South Yorkshire ICB - 02P,E54000061,E40000012,North East and Yorkshire,2027-01,130249.32031332001
02Q,NHS Nottingham and Nottinghamshire ICB - 02Q,E54000060,E40000011,Midlands,2026-02,102315.49481107594
02Q,NHS Nottingham and Nottinghamshire ICB - 02Q,E54000060,E40000011,Midlands,2026-03,103751.23047448388
02Q,NHS Nottingham and Nottinghamshire ICB - 02Q,E54000060,E40000011,Midlands,2026-04,107311.63511669225
02Q,NHS Nottingham and Nottinghamshire ICB - 02Q,E54000060,E40000011,Midlands,2026-05,105535.6242338946
02Q,NHS Nottingham and Nottinghamshire ICB - 02Q,E54000060,E40000011,Midlands,2026-06,110120.3252783317
02Q,NHS Nottingham and Nottinghamshire ICB - 02Q,E54000060,E40000011,Midlands,2026-07,118856.07298008192
02Q,NHS Nottingham and Nottinghamshire ICB - 02Q,E54000060,E40000011,Midlands,2026-08,103412.64185278301
02Q,NHS Nottingham and Nottinghamshire ICB - 02Q,E54000060,E40000011,Midlands,2026-09,117072.90084266107
02Q,NHS Nottingham and Nottinghamshire ICB - 02Q,E54000060,E40000011,Midlands,2026-10,139058.27907452008
02Q,NHS Nottingham and Nottinghamshire ICB - 02Q,E54000060,E40000011,Midlands,2026-11,120788.11676847025
02Q,NHS Nottingham and Nottinghamshire ICB - 02Q,E54000060,E40000011,Midlands,2026-12,113424.35325570294
02Q,NHS Nottingham and Nottinghamshire ICB - 02Q,E54000060,E40000011,Midlands,2027-01,121662.56978195248
02T,NHS West Yorkshire ICB - 02T,E54000054,E40000012,North East and Yorkshire,2026-02,106692.28607058186
02T,NHS West Yorkshire ICB - 02T,E54000054,E40000012,North East and Yorkshire,2026-03,106766.63494640714
02T,NHS West Yorkshire ICB - 02T,E54000054,E40000012,North East and Yorkshire,2026-04,106718.09347503539
02T,NHS West Yorkshire ICB - 02T,E54000054,E40000012,North East and Yorkshire,2026-05,106769.19912770441
02T,NHS West Yorkshire ICB - 02T,E54000054,E40000012,North East and Yorkshire,2026-06,103609.72347476092
02T,NHS West Yorkshire ICB - 02T,E54000054,E40000012,North East and Yorkshire,2026-07,116110.5555205398
02T,NHS West Yorkshire ICB - 02T,E54000054,E40000012,North East and Yorkshire,2026-08,100849.0387658821
02T,NHS West Yorkshire ICB - 02T,E54000054,E40000012,North East and Yorkshire,2026-09,113476.90839685405
02T,NHS West Yorkshire ICB - 02T,E54000054,E40000012,North East and Yorkshire,2026-10,130002.81720556284
02T,NHS West Yorkshire ICB - 02T,E54000054,E40000012,North East and Yorkshire,2026-11,112429.72535078535
02T,NHS West Yorkshire ICB - 02T,E54000054,E40000012,North East and Yorkshire,2026-12,101005.44247234632
02T,NHS West Yorkshire ICB - 02T,E54000054,E40000012,North East and Yorkshire,2027-01,117575.16726436441
02X,NHS South Yorkshire ICB - 02X,E54000061,E40000012,North East and Yorkshire,2026-02,162347.91870722407
02X,NHS South Yorkshire ICB - 02X,E54000061,E40000012,North East and Yorkshire,2026-03,162180.54167373088
02X,NHS South Yorkshire ICB - 02X,E54000061,E40000012,North East and Yorkshire,2026-04,162415.43020735634
02X,NHS South Yorkshire ICB - 02X,E54000061,E40000012,North East and Yorkshire,2026-05,163498.67116676457
02X,NHS South Yorkshire ICB - 02X,E54000061,E40000012,North East and Yorkshire,2026-06,160363.8242051594
02X,NHS South Yorkshire ICB - 02X,E54000061,E40000012,North East and Yorkshire,2026-07,176331.09866667233
02X,NHS South Yorkshire ICB - 02X,E54000061,E40000012,North East and Yorkshire,2026-08,150876.68020689167
02X,NHS South Yorkshire ICB - 02X,E54000061,E40000012,North East and Yorkshire,2026-09,165369.13667651202
02X,NHS South Yorkshire ICB - 02X,E54000061,E40000012,North East and Yorkshire,2026-10,200349.95902875773
02X,NHS South Yorkshire ICB - 02X,E54000061,E40000012,North East and Yorkshire,2026-11,166306.50197657893
02X,NHS South Yorkshire ICB - 02X,E54000061,E40000012,North East and Yorkshire,2026-12,154146.84831069567
02X,NHS South Yorkshire ICB - 02X,E54000061,E40000012,North East and Yorkshire,2027-01,175445.5970191504
02Y,NHS Humber and North Yorkshire ICB - 02Y,E54000051,E40000012,North East and Yorkshire,2026-02,148095.32673951937
02Y,NHS Humber and North Yorkshire ICB - 02Y,E54000051,E40000012,North East and Yorkshire,2026-03,149118.6242130486
02Y,NHS Humber and North Yorkshire ICB - 02Y,E54000051,E40000012,North East and Yorkshire,2026-04,148878.56005119928
02Y,NHS Humber and North Yorkshire ICB - 02Y,E54000051,E40000012,North East and Yorkshire,2026-05,142676.81590221595
02Y,NHS Humber and North Yorkshire ICB - 02Y,E54000051,E40000012,North East and Yorkshire,2026-06,144608.9299141125
02Y,NHS Humber and North Yorkshire ICB - 02Y,E54000051,E40000012,North East and Yorkshire,2026-07,157153.773927515
02Y,NHS Humber and North Yorkshire ICB - 02Y,E54000051,E40000012,North East and Yorkshire,2026-08,136983.08336088038
02Y,NHS Humber and North Yorkshire ICB - 02Y,E54000051,E40000012,North East and Yorkshire,2026-09,155952.7597590504
02Y,NHS Humber and North Yorkshire ICB - 02Y,E54000051,E40000012,North East and Yorkshire,2026-10,187698.796025789
02Y,NHS Humber and North Yorkshire ICB - 02Y,E54000051,E40000012,North East and Yorkshire,2026-11,147939.41834707023
02Y,NHS Humber and North Yorkshire ICB - 02Y,E54000051,E40000012,North East and Yorkshire,2026-12,136245.91310372943
02Y,NHS Humber and North Yorkshire ICB - 02Y,E54000051,E40000012,North East and Yorkshire,2027-01,157077.07783266663
03F,NHS Humber and North Yorkshire ICB - 03F,E54000051,E40000012,North East and Yorkshire,2026-02,121410.45758299228
03F,NHS Humber and North Yorkshire ICB - 03F,E54000051,E40000012,North East and Yorkshire,2026-03,125110.33405187509
03F,NHS Humber and North Yorkshire ICB - 03F,E54000051,E40000012,North East and Yorkshire,2026-04,121340.2162226048
03F,NHS Humber and North Yorkshire ICB - 03F,E54000051,E40000012,North East and Yorkshire,2026-05,123167.08521724366
03F,NHS Humber and North Yorkshire ICB - 03F,E54000051,E40000012,North East and Yorkshire,2026-06,125979.38145637758
03F,NHS Humber and North Yorkshire ICB - 03F,E54000051,E40000012,North East and Yorkshire,2026-07,134547.33736163183
03F,NHS Humber and North Yorkshire ICB - 03F,E54000051,E40000012,North East and Yorkshire,2026-08,117797.576600363
03F,NHS Humber and North Yorkshire ICB - 03F,E54000051,E40000012,North East and Yorkshire,2026-09,133794.62348236187
03F,NHS Humber and North Yorkshire ICB - 03F,E54000051,E40000012,North East and Yorkshire,2026-10,158683.90569454437
03F,NHS Humber and North Yorkshire ICB - 03F,E54000051,E40000012,North East and Yorkshire,2026-11,130206.91134146608
03F,NHS Humber and North Yorkshire ICB - 03F,E54000051,E40000012,North East and Yorkshire,2026-12,117727.30157225163
03F,NHS Humber and North Yorkshire ICB - 03F,E54000051,E40000012,North East and Yorkshire,2027-01,136668.72896308335
03H,NHS Humber and North Yorkshire ICB - 03H,E54000051,E40000012,North East and Yorkshire,2026-02,95326.11820066175
03H,NHS Humber and North Yorkshire ICB - 03H,E54000051,E40000012,North East and Yorkshire,2026-03,95497.49619036187
03H,NHS Humber and North Yorkshire ICB - 03H,E54000051,E40000012,North East and Yorkshire,2026-04,94006.33637905271
03H,NHS Humber and North Yorkshire ICB - 03H,E54000051,E40000012,North East and Yorkshire,2026-05,93157.8061517737
03H,NHS Humber and North Yorkshire ICB - 03H,E54000051,E40000012,North East and Yorkshire,2026-06,91272.77302630332
03H,NHS Humber and North Yorkshire ICB - 03H,E54000051,E40000012,North East and Yorkshire,2026-07,100898.51681719361
03H,NHS Humber and North Yorkshire ICB - 03H,E54000051,E40000012,North East and Yorkshire,2026-08,85850.41589458997
03H,NHS Humber and North Yorkshire ICB - 03H,E54000051,E40000012,North East and Yorkshire,2026-09,93867.46017714599
03H,NHS Humber and North Yorkshire ICB - 03H,E54000051,E40000012,North East and Yorkshire,2026-10,104525.23296301649
03H,NHS Humber and North Yorkshire ICB - 03H,E54000051,E40000012,North East and Yorkshire,2026-11,94393.30550996262
03H,NHS Humber and North Yorkshire ICB - 03H,E54000051,E40000012,North East and Yorkshire,2026-12,84782.79901832409
03H,NHS Humber and North Yorkshire ICB - 03H,E54000051,E40000012,North East and Yorkshire,2027-01,98855.49135235231
03K,NHS Humber and North Yorkshire ICB - 03K,E54000051,E40000012,North East and Yorkshire,2026-02,102237.86922695872
03K,NHS Humber and North Yorkshire ICB - 03K,E54000051,E40000012,North East and Yorkshire,2026-03,104354.7102821346
03K,NHS Humber and North Yorkshire ICB - 03K,E54000051,E40000012,North East and Yorkshire,2026-04,100210.0498403794
03K,NHS Humber and North Yorkshire ICB - 03K,E54000051,E40000012,North East and Yorkshire,2026-05,99338.44742577404
03K,NHS Humber and North Yorkshire ICB - 03K,E54000051,E40000012,North East and Yorkshire,2026-06,101744.67684843502
03K,NHS Humber and North Yorkshire ICB - 03K,E54000051,E40000012,North East and Yorkshire,2026-07,109706.12008402405
03K,NHS Humber and North Yorkshire ICB - 03K,E54000051,E40000012,North East and Yorkshire,2026-08,95707.36850495693
03K,NHS Humber and North Yorkshire ICB - 03K,E54000051,E40000012,North East and Yorkshire,2026-09,105365.54326758343
03K,NHS Humber and North Yorkshire ICB - 03K,E54000051,E40000012,North East and Yorkshire,2026-10,123385.2455766847
03K,NHS Humber and North Yorkshire ICB - 03K,E54000051,E40000012,North East and Yorkshire,2026-11,110176.64355802954
03K,NHS Humber and North Yorkshire ICB - 03K,E54000051,E40000012,North East and Yorkshire,2026-12,97474.17602115321
03K,NHS Humber and North Yorkshire ICB - 03K,E54000051,E40000012,North East and Yorkshire,2027-01,114160.03952272101
03L,NHS South Yorkshire ICB - 03L,E54000061,E40000012,North East and Yorkshire,2026-02,145818.8298024269
03L,NHS South Yorkshire ICB - 03L,E54000061,E40000012,North East and Yorkshire,2026-03,150766.65228323714
03L,NHS South Yorkshire ICB - 03L,E54000061,E40000012,North East and Yorkshire,2026-04,144382.581909711
03L,NHS South Yorkshire ICB - 03L,E54000061,E40000012,North East and Yorkshire,2026-05,145957.99403484244
03L,NHS South Yorkshire ICB - 03L,E54000061,E40000012,North East and Yorkshire,2026-06,143578.90634518611
03L,NHS South Yorkshire ICB - 03L,E54000061,E40000012,North East and Yorkshire,2026-07,159308.70957976367
03L,NHS South Yorkshire ICB - 03L,E54000061,E40000012,North East and Yorkshire,2026-08,135813.24274196295
03L,NHS South Yorkshire ICB - 03L,E54000061,E40000012,North East and Yorkshire,2026-09,152058.62515085467
03L,NHS South Yorkshire ICB - 03L,E54000061,E40000012,North East and Yorkshire,2026-10,184824.70926668186
03L,NHS South Yorkshire ICB - 03L,E54000061,E40000012,North East and Yorkshire,2026-11,153722.79366079482
03L,NHS South Yorkshire ICB - 03L,E54000061,E40000012,North East and Yorkshire,2026-12,138987.53214261646
03L,NHS South Yorkshire ICB - 03L,E54000061,E40000012,North East and Yorkshire,2027-01,161522.65501190207
03N,NHS South Yorkshire ICB - 03N,E54000061,E40000012,North East and Yorkshire,2026-02,325516.0613017232
03N,NHS South Yorkshire ICB - 03N,E54000061,E40000012,North East and Yorkshire,2026-03,329871.4213569874
03N,NHS South Yorkshire ICB - 03N,E54000061,E40000012,North East and Yorkshire,2026-04,325406.93158737983
03N,NHS South Yorkshire ICB - 03N,E54000061,E40000012,North East and Yorkshire,2026-05,320123.68719939573
03N,NHS South Yorkshire ICB - 03N,E54000061,E40000012,North East and Yorkshire,2026-06,318673.72092124756
03N,NHS South Yorkshire ICB - 03N,E54000061,E40000012,North East and Yorkshire,2026-07,348354.44314945786
03N,NHS South Yorkshire ICB - 03N,E54000061,E40000012,North East and Yorkshire,2026-08,301759.5362015089
03N,NHS South Yorkshire ICB - 03N,E54000061,E40000012,North East and Yorkshire,2026-09,341079.5254177708
03N,NHS South Yorkshire ICB - 03N,E54000061,E40000012,North East and Yorkshire,2026-10,419795.12748936546
03N,NHS South Yorkshire ICB - 03N,E54000061,E40000012,North East and Yorkshire,2026-11,344281.5262888511
03N,NHS South Yorkshire ICB - 03N,E54000061,E40000012,North East and Yorkshire,2026-12,318129.8597495783
03N,NHS South Yorkshire ICB - 03N,E54000061,E40000012,North East and Yorkshire,2027-01,363779.7570466697
03Q,NHS Humber and North Yorkshire ICB - 03Q,E54000051,E40000012,North East and Yorkshire,2026-02,107280.8827921452
03Q,NHS Humber and North Yorkshire ICB - 03Q,E54000051,E40000012,North East and Yorkshire,2026-03,111121.81467770152
03Q,NHS Humber and North Yorkshire ICB - 03Q,E54000051,E40000012,North East and Yorkshire,2026-04,113822.83995369347
03Q,NHS Humber and North Yorkshire ICB - 03Q,E54000051,E40000012,North East and Yorkshire,2026-05,111483.00685650247
03Q,NHS Humber and North Yorkshire ICB - 03Q,E54000051,E40000012,North East and Yorkshire,2026-06,112090.61909644089
03Q,NHS Humber and North Yorkshire ICB - 03Q,E54000051,E40000012,North East and Yorkshire,2026-07,118386.21471434337
03Q,NHS Humber and North Yorkshire ICB - 03Q,E54000051,E40000012,North East and Yorkshire,2026-08,105619.31408793555
03Q,NHS Humber and North Yorkshire ICB - 03Q,E54000051,E40000012,North East and Yorkshire,2026-09,120701.26464511665
03Q,NHS Humber and North Yorkshire ICB - 03Q,E54000051,E40000012,North East and Yorkshire,2026-10,145313.9343117117
03Q,NHS Humber and North Yorkshire ICB - 03Q,E54000051,E40000012,North East and Yorkshire,2026-11,124099.82658281918
03Q,NHS Humber and North Yorkshire ICB - 03Q,E54000051,E40000012,North East and Yorkshire,2026-12,115682.88054896457
03Q,NHS Humber and North Yorkshire ICB - 03Q,E54000051,E40000012,North East and Yorkshire,2027-01,135674.33746135034
03R,NHS West Yorkshire ICB - 03R,E54000054,E40000012,North East and Yorkshire,2026-02,214267.1281795045
03R,NHS West Yorkshire ICB - 03R,E54000054,E40000012,North East and Yorkshire,2026-03,216528.46212819
03R,NHS West Yorkshire ICB - 03R,E54000054,E40000012,North East and Yorkshire,2026-04,217472.20206670213
03R,NHS West Yorkshire ICB - 03R,E54000054,E40000012,North East and Yorkshire,2026-05,213172.0501164514
03R,NHS West Yorkshire ICB - 03R,E54000054,E40000012,North East and Yorkshire,2026-06,215147.39638518798
03R,NHS West Yorkshire ICB - 03R,E54000054,E40000012,North East and Yorkshire,2026-07,234480.91712135123
03R,NHS West Yorkshire ICB - 03R,E54000054,E40000012,North East and Yorkshire,2026-08,204074.06241949528
03R,NHS West Yorkshire ICB - 03R,E54000054,E40000012,North East and Yorkshire,2026-09,227134.66897058478
03R,NHS West Yorkshire ICB - 03R,E54000054,E40000012,North East and Yorkshire,2026-10,272079.0329951301
03R,NHS West Yorkshire ICB - 03R,E54000054,E40000012,North East and Yorkshire,2026-11,226217.8098786219
03R,NHS West Yorkshire ICB - 03R,E54000054,E40000012,North East and Yorkshire,2026-12,207119.22356921903
03R,NHS West Yorkshire ICB - 03R,E54000054,E40000012,North East and Yorkshire,2027-01,233509.3450048009
03W,NHS Leicester Leicestershire and Rutland ICB - 03W,E54000015,E40000011,Midlands,2026-02,187299.21421732887
03W,NHS Leicester Leicestershire and Rutland ICB - 03W,E54000015,E40000011,Midlands,2026-03,190350.07779257442
03W,NHS Leicester Leicestershire and Rutland ICB - 03W,E54000015,E40000011,Midlands,2026-04,185544.88683921567
03W,NHS Leicester Leicestershire and Rutland ICB - 03W,E54000015,E40000011,Midlands,2026-05,184600.53833971158
03W,NHS Leicester Leicestershire and Rutland ICB - 03W,E54000015,E40000011,Midlands,2026-06,181671.98281851606
03W,NHS Leicester Leicestershire and Rutland ICB - 03W,E54000015,E40000011,Midlands,2026-07,192945.72749420977
03W,NHS Leicester Leicestershire and Rutland ICB - 03W,E54000015,E40000011,Midlands,2026-08,179587.49863024164
03W,NHS Leicester Leicestershire and Rutland ICB - 03W,E54000015,E40000011,Midlands,2026-09,199888.56044444066
03W,NHS Leicester Leicestershire and Rutland ICB - 03W,E54000015,E40000011,Midlands,2026-10,234552.7932857792
03W,NHS Leicester Leicestershire and Rutland ICB - 03W,E54000015,E40000011,Midlands,2026-11,201825.88312230105
03W,NHS Leicester Leicestershire and Rutland ICB - 03W,E54000015,E40000011,Midlands,2026-12,181894.63334545057
03W,NHS Leicester Leicestershire and Rutland ICB - 03W,E54000015,E40000011,Midlands,2027-01,208523.78227582094
04C,NHS Leicester Leicestershire and Rutland ICB - 04C,E54000015,E40000011,Midlands,2026-02,219004.33070118117
04C,NHS Leicester Leicestershire and Rutland ICB - 04C,E54000015,E40000011,Midlands,2026-03,220968.36908397215
04C,NHS Leicester Leicestershire and Rutland ICB - 04C,E54000015,E40000011,Midlands,2026-04,218985.43054481252
04C,NHS Leicester Leicestershire and Rutland ICB - 04C,E54000015,E40000011,Midlands,2026-05,220738.61717500695
04C,NHS Leicester Leicestershire and Rutland ICB - 04C,E54000015,E40000011,Midlands,2026-06,220310.461961725
04C,NHS Leicester Leicestershire and Rutland ICB - 04C,E54000015,E40000011,Midlands,2026-07,238783.00209390392
04C,NHS Leicester Leicestershire and Rutland ICB - 04C,E54000015,E40000011,Midlands,2026-08,214174.2585683282
04C,NHS Leicester Leicestershire and Rutland ICB - 04C,E54000015,E40000011,Midlands,2026-09,236790.30619520723
04C,NHS Leicester Leicestershire and Rutland ICB - 04C,E54000015,E40000011,Midlands,2026-10,261967.9389505948
04C,NHS Leicester Leicestershire and Rutland ICB - 04C,E54000015,E40000011,Midlands,2026-11,231551.80202065417
04C,NHS Leicester Leicestershire and Rutland ICB - 04C,E54000015,E40000011,Midlands,2026-12,212161.05332853692
04C,NHS Leicester Leicestershire and Rutland ICB - 04C,E54000015,E40000011,Midlands,2027-01,241127.1608718926
04V,NHS Leicester Leicestershire and Rutland ICB - 04V,E54000015,E40000011,Midlands,2026-02,192719.77749301316
04V,NHS Leicester Leicestershire and Rutland ICB - 04V,E54000015,E40000011,Midlands,2026-03,194246.39603484713
04V,NHS Leicester Leicestershire and Rutland ICB - 04V,E54000015,E40000011,Midlands,2026-04,195387.10584753114
04V,NHS Leicester Leicestershire and Rutland ICB - 04V,E54000015,E40000011,Midlands,2026-05,192900.74135968174
04V,NHS Leicester Leicestershire and Rutland ICB - 04V,E54000015,E40000011,Midlands,2026-06,190616.16905543517
04V,NHS Leicester Leicestershire and Rutland ICB - 04V,E54000015,E40000011,Midlands,2026-07,202230.5696855227
04V,NHS Leicester Leicestershire and Rutland ICB - 04V,E54000015,E40000011,Midlands,2026-08,183864.92621647674
04V,NHS Leicester Leicestershire and Rutland ICB - 04V,E54000015,E40000011,Midlands,2026-09,203169.5890736935
04V,NHS Leicester Leicestershire and Rutland ICB - 04V,E54000015,E40000011,Midlands,2026-10,243542.76363173244
04V,NHS Leicester Leicestershire and Rutland ICB - 04V,E54000015,E40000011,Midlands,2026-11,200687.10449768207
04V,NHS Leicester Leicestershire and Rutland ICB - 04V,E54000015,E40000011,Midlands,2026-12,181447.0765424925
04V,NHS Leicester Leicestershire and Rutland ICB - 04V,E54000015,E40000011,Midlands,2027-01,205276.3338930856
04Y,NHS Staffordshire and Stoke-on-Trent ICB - 04Y,E54000010,E40000011,Midlands,2026-02,63354.75905884737
04Y,NHS Staffordshire and Stoke-on-Trent ICB - 04Y,E54000010,E40000011,Midlands,2026-03,65600.74925020173
04Y,NHS Staffordshire and Stoke-on-Trent ICB - 04Y,E54000010,E40000011,Midlands,2026-04,63230.54363092024
04Y,NHS Staffordshire and Stoke-on-Trent ICB - 04Y,E54000010,E40000011,Midlands,2026-05,61827.8946759473
04Y,NHS Staffordshire and Stoke-on-Trent ICB - 04Y,E54000010,E40000011,Midlands,2026-06,61685.73351976364
04Y,NHS Staffordshire and Stoke-on-Trent ICB - 04Y,E54000010,E40000011,Midlands,2026-07,65896.18094644319
04Y,NHS Staffordshire and Stoke-on-Trent ICB - 04Y,E54000010,E40000011,Midlands,2026-08,58439.655416956666
04Y,NHS Staffordshire and Stoke-on-Trent ICB - 04Y,E54000010,E40000011,Midlands,2026-09,66639.9836077881
04Y,NHS Staffordshire and Stoke-on-Trent ICB - 04Y,E54000010,E40000011,Midlands,2026-10,83303.10027516373
04Y,NHS Staffordshire and Stoke-on-Trent ICB - 04Y,E54000010,E40000011,Midlands,2026-11,65025.318959822456
04Y,NHS Staffordshire and Stoke-on-Trent ICB - 04Y,E54000010,E40000011,Midlands,2026-12,59105.5464450944
04Y,NHS Staffordshire and Stoke-on-Trent ICB - 04Y,E54000010,E40000011,Midlands,2027-01,68519.3577635436
05D,NHS Staffordshire and Stoke-on-Trent ICB - 05D,E54000010,E40000011,Midlands,2026-02,67695.19045212105
05D,NHS Staffordshire and Stoke-on-Trent ICB - 05D,E54000010,E40000011,Midlands,2026-03,66669.36709393754
05D,NHS Staffordshire and Stoke-on-Trent ICB - 05D,E54000010,E40000011,Midlands,2026-04,59460.42731297651
05D,NHS Staffordshire and Stoke-on-Trent ICB - 05D,E54000010,E40000011,Midlands,2026-05,58838.33057269925
05D,NHS Staffordshire and Stoke-on-Trent ICB - 05D,E54000010,E40000011,Midlands,2026-06,58009.97415790632
05D,NHS Staffordshire and Stoke-on-Trent ICB - 05D,E54000010,E40000011,Midlands,2026-07,62496.38401730476
05D,NHS Staffordshire and Stoke-on-Trent ICB - 05D,E54000010,E40000011,Midlands,2026-08,57432.285865703045
05D,NHS Staffordshire and Stoke-on-Trent ICB - 05D,E54000010,E40000011,Midlands,2026-09,64007.77076995088
05D,NHS Staffordshire and Stoke-on-Trent ICB - 05D,E54000010,E40000011,Midlands,2026-10,76498.89946787096
05D,NHS Staffordshire and Stoke-on-Trent ICB - 05D,E54000010,E40000011,Midlands,2026-11,67663.53058712148
05D,NHS Staffordshire and Stoke-on-Trent ICB - 05D,E54000010,E40000011,Midlands,2026-12,63360.575929591214
05D,NHS Staffordshire and Stoke-on-Trent ICB - 05D,E54000010,E40000011,Midlands,2027-01,72547.50292625687
05G,NHS Staffordshire and Stoke-on-Trent ICB - 05G,E54000010,E40000011,Midlands,2026-02,92278.23337371659
05G,NHS Staffordshire and Stoke-on-Trent ICB - 05G,E54000010,E40000011,Midlands,2026-03,92918.14167998829
05G,NHS Staffordshire and Stoke-on-Trent ICB - 05G,E54000010,E40000011,Midlands,2026-04,91910.00754949411
05G,NHS Staffordshire and Stoke-on-Trent ICB - 05G,E54000010,E40000011,Midlands,2026-05,91259.43196545445
05G,NHS Staffordshire and Stoke-on-Trent ICB - 05G,E54000010,E40000011,Midlands,2026-06,89931.53668760369
05G,NHS Staffordshire and Stoke-on-Trent ICB - 05G,E54000010,E40000011,Midlands,2026-07,95430.44185016713
05G,NHS Staffordshire and Stoke-on-Trent ICB - 05G,E54000010,E40000011,Midlands,2026-08,84136.96816610443
05G,NHS Staffordshire and Stoke-on-Trent ICB - 05G,E54000010,E40000011,Midlands,2026-09,97756.14058378953
05G,NHS Staffordshire and Stoke-on-Trent ICB - 05G,E54000010,E40000011,Midlands,2026-10,117710.97418522024
05G,NHS Staffordshire and Stoke-on-Trent ICB - 05G,E54000010,E40000011,Midlands,2026-11,94930.31460393057
05G,NHS Staffordshire and Stoke-on-Trent ICB - 05G,E54000010,E40000011,Midlands,2026-12,85138.05588973787
05G,NHS Staffordshire and Stoke-on-Trent ICB - 05G,E54000010,E40000011,Midlands,2027-01,98571.11998262384
05Q,NHS Staffordshire and Stoke-on-Trent ICB - 05Q,E54000010,E40000011,Midlands,2026-02,103864.15819486378
05Q,NHS Staffordshire and Stoke-on-Trent ICB - 05Q,E54000010,E40000011,Midlands,2026-03,103196.68535734325
05Q,NHS Staffordshire and Stoke-on-Trent ICB - 05Q,E54000010,E40000011,Midlands,2026-04,100797.59149352346
05Q,NHS Staffordshire and Stoke-on-Trent ICB - 05Q,E54000010,E40000011,Midlands,2026-05,99321.81721358682
05Q,NHS Staffordshire and Stoke-on-Trent ICB - 05Q,E54000010,E40000011,Midlands,2026-06,98557.40464376018
05Q,NHS Staffordshire and Stoke-on-Trent ICB - 05Q,E54000010,E40000011,Midlands,2026-07,106431.28188517338
05Q,NHS Staffordshire and Stoke-on-Trent ICB - 05Q,E54000010,E40000011,Midlands,2026-08,93663.46863700777
05Q,NHS Staffordshire and Stoke-on-Trent ICB - 05Q,E54000010,E40000011,Midlands,2026-09,105012.0494936062
05Q,NHS Staffordshire and Stoke-on-Trent ICB - 05Q,E54000010,E40000011,Midlands,2026-10,124233.98356315559
05Q,NHS Staffordshire and Stoke-on-Trent ICB - 05Q,E54000010,E40000011,Midlands,2026-11,107930.3570910127
05Q,NHS Staffordshire and Stoke-on-Trent ICB - 05Q,E54000010,E40000011,Midlands,2026-12,95835.55466744615
05Q,NHS Staffordshire and Stoke-on-Trent ICB - 05Q,E54000010,E40000011,Midlands,2027-01,112108.18068966329
05V,NHS Staffordshire and Stoke-on-Trent ICB - 05V,E54000010,E40000011,Midlands,2026-02,66806.15543571208
05V,NHS Staffordshire and Stoke-on-Trent ICB - 05V,E54000010,E40000011,Midlands,2026-03,66287.78572934952
05V,NHS Staffordshire and Stoke-on-Trent ICB - 05V,E54000010,E40000011,Midlands,2026-04,67065.95859201738
05V,NHS Staffordshire and Stoke-on-Trent ICB - 05V,E54000010,E40000011,Midlands,2026-05,65875.20849937251
05V,NHS Staffordshire and Stoke-on-Trent ICB - 05V,E54000010,E40000011,Midlands,2026-06,64021.800972285986
05V,NHS Staffordshire and Stoke-on-Trent ICB - 05V,E54000010,E40000011,Midlands,2026-07,69392.26361023955
05V,NHS Staffordshire and Stoke-on-Trent ICB - 05V,E54000010,E40000011,Midlands,2026-08,61241.734257081065
05V,NHS Staffordshire and Stoke-on-Trent ICB - 05V,E54000010,E40000011,Midlands,2026-09,70286.74747758717
05V,NHS Staffordshire and Stoke-on-Trent ICB - 05V,E54000010,E40000011,Midlands,2026-10,85392.1224672343
05V,NHS Staffordshire and Stoke-on-Trent ICB - 05V,E54000010,E40000011,Midlands,2026-11,69679.37338049682
05V,NHS Staffordshire and Stoke-on-Trent ICB - 05V,E54000010,E40000011,Midlands,2026-12,62973.99708290842
05V,NHS Staffordshire and Stoke-on-Trent ICB - 05V,E54000010,E40000011,Midlands,2027-01,71791.21052000856
05W,NHS Staffordshire and Stoke-on-Trent ICB - 05W,E54000010,E40000011,Midlands,2026-02,118358.76004342892
05W,NHS Staffordshire and Stoke-on-Trent ICB - 05W,E54000010,E40000011,Midlands,2026-03,121380.7366498256
05W,NHS Staffordshire and Stoke-on-Trent ICB - 05W,E54000010,E40000011,Midlands,2026-04,118264.64807481512
05W,NHS Staffordshire and Stoke-on-Trent ICB - 05W,E54000010,E40000011,Midlands,2026-05,117442.4205073441
05W,NHS Staffordshire and Stoke-on-Trent ICB - 05W,E54000010,E40000011,Midlands,2026-06,116034.74491024642
05W,NHS Staffordshire and Stoke-on-Trent ICB - 05W,E54000010,E40000011,Midlands,2026-07,125008.39611138984
05W,NHS Staffordshire and Stoke-on-Trent ICB - 05W,E54000010,E40000011,Midlands,2026-08,110266.09390804537
05W,NHS Staffordshire and Stoke-on-Trent ICB - 05W,E54000010,E40000011,Midlands,2026-09,125911.93651030901
05W,NHS Staffordshire and Stoke-on-Trent ICB - 05W,E54000010,E40000011,Midlands,2026-10,150928.0578318877
05W,NHS Staffordshire and Stoke-on-Trent ICB - 05W,E54000010,E40000011,Midlands,2026-11,121682.71740055489
05W,NHS Staffordshire and Stoke-on-Trent ICB - 05W,E54000010,E40000011,Midlands,2026-12,112108.75411199317
05W,NHS Staffordshire and Stoke-on-Trent ICB - 05W,E54000010,E40000011,Midlands,2027-01,127917.06773394068
09D,NHS Sussex ICB - 09D,E54000053,E40000005,South East,2026-02,134668.70753095415
09D,NHS Sussex ICB - 09D,E54000053,E40000005,South East,2026-03,137533.66023999295
09D,NHS Sussex ICB - 09D,E54000053,E40000005,South East,2026-04,131257.164743634
09D,NHS Sussex ICB - 09D,E54000053,E40000005,South East,2026-05,132646.4720447157
09D,NHS Sussex ICB - 09D,E54000053,E40000005,South East,2026-06,131475.07367820115
09D,NHS Sussex ICB - 09D,E54000053,E40000005,South East,2026-07,140356.76179732688
09D,NHS Sussex ICB - 09D,E54000053,E40000005,South East,2026-08,125979.47806705369
09D,NHS Sussex ICB - 09D,E54000053,E40000005,South East,2026-09,135589.56107570385
09D,NHS Sussex ICB - 09D,E54000053,E40000005,South East,2026-10,166150.49153655025
09D,NHS Sussex ICB - 09D,E54000053,E40000005,South East,2026-11,141639.8591914385
09D,NHS Sussex ICB - 09D,E54000053,E40000005,South East,2026-12,124215.46928992067
09D,NHS Sussex ICB - 09D,E54000053,E40000005,South East,2027-01,145929.7575583437
10Q,NHS Buckinghamshire Oxfordshire and Berkshire West ICB - 10Q,E54000044,E40000005,South East,2026-02,359514.04848165676
10Q,NHS Buckinghamshire Oxfordshire and Berkshire West ICB - 10Q,E54000044,E40000005,South East,2026-03,369084.1737531545
10Q,NHS Buckinghamshire Oxfordshire and Berkshire West ICB - 10Q,E54000044,E40000005,South East,2026-04,355785.0307539631
10Q,NHS Buckinghamshire Oxfordshire and Berkshire West ICB - 10Q,E54000044,E40000005,South East,2026-05,351142.61622980045
10Q,NHS Buckinghamshire Oxfordshire and Berkshire West ICB - 10Q,E54000044,E40000005,South East,2026-06,347267.0770561579
10Q,NHS Buckinghamshire Oxfordshire and Berkshire West ICB - 10Q,E54000044,E40000005,South East,2026-07,366118.6073787484
10Q,NHS Buckinghamshire Oxfordshire and Berkshire West ICB - 10Q,E54000044,E40000005,South East,2026-08,327284.5831006791
10Q,NHS Buckinghamshire Oxfordshire and Berkshire West ICB - 10Q,E54000044,E40000005,South East,2026-09,359963.6277422893
10Q,NHS Buckinghamshire Oxfordshire and Berkshire West ICB - 10Q,E54000044,E40000005,South East,2026-10,439795.7419039331
10Q,NHS Buckinghamshire Oxfordshire and Berkshire West ICB - 10Q,E54000044,E40000005,South East,2026-11,376973.0077643281
10Q,NHS Buckinghamshire Oxfordshire and Berkshire West ICB - 10Q,E54000044,E40000005,South East,2026-12,332557.583612005
10Q,NHS Buckinghamshire Oxfordshire and Berkshire West ICB - 10Q,E54000044,E40000005,South East,2027-01,392371.9141597389
10R,NHS Hampshire and Isle Of Wight ICB - 10R,E54000042,E40000005,South East,2026-02,98166.10043363979
10R,NHS Hampshire and Isle Of Wight ICB - 10R,E54000042,E40000005,South East,2026-03,100711.8813786738
10R,NHS Hampshire and Isle Of Wight ICB - 10R,E54000042,E40000005,South East,2026-04,98280.5024331998
10R,NHS Hampshire and Isle Of Wight ICB - 10R,E54000042,E40000005,South East,2026-05,97691.15659899937
10R,NHS Hampshire and Isle Of Wight ICB - 10R,E54000042,E40000005,South East,2026-06,97879.19974052062
10R,NHS Hampshire and Isle Of Wight ICB - 10R,E54000042,E40000005,South East,2026-07,109467.39239256446
10R,NHS Hampshire and Isle Of Wight ICB - 10R,E54000042,E40000005,South East,2026-08,97062.22185048235
10R,NHS Hampshire and Isle Of Wight ICB - 10R,E54000042,E40000005,South East,2026-09,108302.87183500091
10R,NHS Hampshire and Isle Of Wight ICB - 10R,E54000042,E40000005,South East,2026-10,127945.44705399896
10R,NHS Hampshire and Isle Of Wight ICB - 10R,E54000042,E40000005,South East,2026-11,111833.12664445066
10R,NHS Hampshire and Isle Of Wight ICB - 10R,E54000042,E40000005,South East,2026-12,102835.24534463098
10R,NHS Hampshire and Isle Of Wight ICB - 10R,E54000042,E40000005,South East,2027-01,124441.76290654474
11J,NHS Dorset ICB - 11J,E54000041,E40000006,South West,2026-02,444366.26378231804
11J,NHS Dorset ICB - 11J,E54000041,E40000006,South West,2026-03,455584.82292618137
11J,NHS Dorset ICB - 11J,E54000041,E40000006,South West,2026-04,450578.7232579562
11J,NHS Dorset ICB - 11J,E54000041,E40000006,South West,2026-05,438823.55524374015
11J,NHS Dorset ICB - 11J,E54000041,E40000006,South West,2026-06,435709.55556148867
11J,NHS Dorset ICB - 11J,E54000041,E40000006,South West,2026-07,479228.973923913
11J,NHS Dorset ICB - 11J,E54000041,E40000006,South West,2026-08,418405.5551819742
11J,NHS Dorset ICB - 11J,E54000041,E40000006,South West,2026-09,475690.7518791671
11J,NHS Dorset ICB - 11J,E54000041,E40000006,South West,2026-10,604300.2777374473
11J,NHS Dorset ICB - 11J,E54000041,E40000006,South West,2026-11,485735.2014374003
11J,NHS Dorset ICB - 11J,E54000041,E40000006,South West,2026-12,433721.5898442783
11J,NHS Dorset ICB - 11J,E54000041,E40000006,South West,2027-01,520997.5080618335
11M,NHS Gloucestershire ICB - 11M,E54000043,E40000006,South West,2026-02,369286.51154406165
11M,NHS Gloucestershire ICB - 11M,E54000043,E40000006,South West,2026-03,370124.8083654029
11M,NHS Gloucestershire ICB - 11M,E54000043,E40000006,South West,2026-04,368892.12204183935
11M,NHS Gloucestershire ICB - 11M,E54000043,E40000006,South West,2026-05,359439.8609988123
11M,NHS Gloucestershire ICB - 11M,E54000043,E40000006,South West,2026-06,352837.25180049456
11M,NHS Gloucestershire ICB - 11M,E54000043,E40000006,South West,2026-07,382465.3150948582
11M,NHS Gloucestershire ICB - 11M,E54000043,E40000006,South West,2026-08,336834.9814665883
11M,NHS Gloucestershire ICB - 11M,E54000043,E40000006,South West,2026-09,366582.5766016763
11M,NHS Gloucestershire ICB - 11M,E54000043,E40000006,South West,2026-10,458713.32676121406
11M,NHS Gloucestershire ICB - 11M,E54000043,E40000006,South West,2026-11,383616.42117886205
11M,NHS Gloucestershire ICB - 11M,E54000043,E40000006,South West,2026-12,342789.3378278585
11M,NHS Gloucestershire ICB - 11M,E54000043,E40000006,South West,2027-01,403732.0095319783
11N,NHS Cornwall and The Isles Of Scilly ICB - 11N,E54000036,E40000006,South West,2026-02,334120.063867139
11N,NHS Cornwall and The Isles Of Scilly ICB - 11N,E54000036,E40000006,South West,2026-03,340188.8125541462
11N,NHS Cornwall and The Isles Of Scilly ICB - 11N,E54000036,E40000006,South West,2026-04,337960.010216501
11N,NHS Cornwall and The Isles Of Scilly ICB - 11N,E54000036,E40000006,South West,2026-05,335562.5482313721
11N,NHS Cornwall and The Isles Of Scilly ICB - 11N,E54000036,E40000006,South West,2026-06,326174.54703632416
11N,NHS Cornwall and The Isles Of Scilly ICB - 11N,E54000036,E40000006,South West,2026-07,356146.03851948335
11N,NHS Cornwall and The Isles Of Scilly ICB - 11N,E54000036,E40000006,South West,2026-08,309992.31391587097
11N,NHS Cornwall and The Isles Of Scilly ICB - 11N,E54000036,E40000006,South West,2026-09,341515.3720451412
11N,NHS Cornwall and The Isles Of Scilly ICB - 11N,E54000036,E40000006,South West,2026-10,422870.40723595285
11N,NHS Cornwall and The Isles Of Scilly ICB - 11N,E54000036,E40000006,South West,2026-11,352387.1869485828
11N,NHS Cornwall and The Isles Of Scilly ICB - 11N,E54000036,E40000006,South West,2026-12,312233.1463652123
11N,NHS Cornwall and The Isles Of Scilly ICB - 11N,E54000036,E40000006,South West,2027-01,369069.84807108715
11X,NHS Somerset ICB - 11X,E54000038,E40000006,South West,2026-02,281431.2962145377
11X,NHS Somerset ICB - 11X,E54000038,E40000006,South West,2026-03,286789.0541671496
11X,NHS Somerset ICB - 11X,E54000038,E40000006,South West,2026-04,283231.4258581083
11X,NHS Somerset ICB - 11X,E54000038,E40000006,South West,2026-05,273144.713988842
11X,NHS Somerset ICB - 11X,E54000038,E40000006,South West,2026-06,266027.94526126137
11X,NHS Somerset ICB - 11X,E54000038,E40000006,South West,2026-07,289915.53314407484
11X,NHS Somerset ICB - 11X,E54000038,E40000006,South West,2026-08,260150.03867184662
11X,NHS Somerset ICB - 11X,E54000038,E40000006,South West,2026-09,290768.20826962416
11X,NHS Somerset ICB - 11X,E54000038,E40000006,South West,2026-10,383416.1200890827
11X,NHS Somerset ICB - 11X,E54000038,E40000006,South West,2026-11,296052.3239842108
11X,NHS Somerset ICB - 11X,E54000038,E40000006,South West,2026-12,266287.9230988194
11X,NHS Somerset ICB - 11X,E54000038,E40000006,South West,2027-01,306073.3071855188
13T,NHS North East and North Cumbria ICB - 13T,E54000050,E40000012,North East and Yorkshire,2026-02,251287.16854379096
13T,NHS North East and North Cumbria ICB - 13T,E54000050,E40000012,North East and Yorkshire,2026-03,250611.56839013527
13T,NHS North East and North Cumbria ICB - 13T,E54000050,E40000012,North East and Yorkshire,2026-04,250304.48069620307
13T,NHS North East and North Cumbria ICB - 13T,E54000050,E40000012,North East and Yorkshire,2026-05,245371.0119718233
13T,NHS North East and North Cumbria ICB - 13T,E54000050,E40000012,North East and Yorkshire,2026-06,243641.44803100283
13T,NHS North East and North Cumbria ICB - 13T,E54000050,E40000012,North East and Yorkshire,2026-07,264253.0306216172
13T,NHS North East and North Cumbria ICB - 13T,E54000050,E40000012,North East and Yorkshire,2026-08,229639.45430985626
13T,NHS North East and North Cumbria ICB - 13T,E54000050,E40000012,North East and Yorkshire,2026-09,257776.11813672894
13T,NHS North East and North Cumbria ICB - 13T,E54000050,E40000012,North East and Yorkshire,2026-10,306730.14773277816
13T,NHS North East and North Cumbria ICB - 13T,E54000050,E40000012,North East and Yorkshire,2026-11,256768.2035616772
13T,NHS North East and North Cumbria ICB - 13T,E54000050,E40000012,North East and Yorkshire,2026-12,234197.02747809165
13T,NHS North East and North Cumbria ICB - 13T,E54000050,E40000012,North East and Yorkshire,2027-01,273119.0955606601
14Y,NHS Buckinghamshire Oxfordshire and Berkshire West ICB - 14Y,E54000044,E40000005,South East,2026-02,243999.91299324637
14Y,NHS Buckinghamshire Oxfordshire and Berkshire West ICB - 14Y,E54000044,E40000005,South East,2026-03,247568.05636315705
14Y,NHS Buckinghamshire Oxfordshire and Berkshire West ICB - 14Y,E54000044,E40000005,South East,2026-04,233634.44213554147
14Y,NHS Buckinghamshire Oxfordshire and Berkshire West ICB - 14Y,E54000044,E40000005,South East,2026-05,237835.0812180292
14Y,NHS Buckinghamshire Oxfordshire and Berkshire West ICB - 14Y,E54000044,E40000005,South East,2026-06,235539.7411657321
14Y,NHS Buckinghamshire Oxfordshire and Berkshire West ICB - 14Y,E54000044,E40000005,South East,2026-07,251254.94183159247
14Y,NHS Buckinghamshire Oxfordshire and Berkshire West ICB - 14Y,E54000044,E40000005,South East,2026-08,224164.72220990146
14Y,NHS Buckinghamshire Oxfordshire and Berkshire West ICB - 14Y,E54000044,E40000005,South East,2026-09,248168.45713477608
14Y,NHS Buckinghamshire Oxfordshire and Berkshire West ICB - 14Y,E54000044,E40000005,South East,2026-10,290831.94486574613
14Y,NHS Buckinghamshire Oxfordshire and Berkshire West ICB - 14Y,E54000044,E40000005,South East,2026-11,250118.80615373925
14Y,NHS Buckinghamshire Oxfordshire and Berkshire West ICB - 14Y,E54000044,E40000005,South East,2026-12,228249.06866474595
14Y,NHS Buckinghamshire Oxfordshire and Berkshire West ICB - 14Y,E54000044,E40000005,South East,2027-01,259900.11560162486
15A,NHS Buckinghamshire Oxfordshire and Berkshire West ICB - 15A,E54000044,E40000005,South East,2026-02,246033.6076804261
15A,NHS Buckinghamshire Oxfordshire and Berkshire West ICB - 15A,E54000044,E40000005,South East,2026-03,247614.26643971255
15A,NHS Buckinghamshire Oxfordshire and Berkshire West ICB - 15A,E54000044,E40000005,South East,2026-04,240505.7549207305
15A,NHS Buckinghamshire Oxfordshire and Berkshire West ICB - 15A,E54000044,E40000005,South East,2026-05,242777.96944726724
15A,NHS Buckinghamshire Oxfordshire and Berkshire West ICB - 15A,E54000044,E40000005,South East,2026-06,240359.32242822353
15A,NHS Buckinghamshire Oxfordshire and Berkshire West ICB - 15A,E54000044,E40000005,South East,2026-07,259402.0600065943
15A,NHS Buckinghamshire Oxfordshire and Berkshire West ICB - 15A,E54000044,E40000005,South East,2026-08,226936.9741735028
15A,NHS Buckinghamshire Oxfordshire and Berkshire West ICB - 15A,E54000044,E40000005,South East,2026-09,254494.68038112158
15A,NHS Buckinghamshire Oxfordshire and Berkshire West ICB - 15A,E54000044,E40000005,South East,2026-10,308200.13457097585
15A,NHS Buckinghamshire Oxfordshire and Berkshire West ICB - 15A,E54000044,E40000005,South East,2026-11,262766.74564692995
15A,NHS Buckinghamshire Oxfordshire and Berkshire West ICB - 15A,E54000044,E40000005,South East,2026-12,234776.0530102277
15A,NHS Buckinghamshire Oxfordshire and Berkshire West ICB - 15A,E54000044,E40000005,South East,2027-01,271226.7315236612
15C,NHS Bristol North Somerset and South Gloucestershire ICB - 15C,E54000039,E40000006,South West,2026-02,477402.83524199214
15C,NHS Bristol North Somerset and South Gloucestershire ICB - 15C,E54000039,E40000006,South West,2026-03,490869.3649997932
15C,NHS Bristol North Somerset and South Gloucestershire ICB - 15C,E54000039,E40000006,South West,2026-04,476530.1929664717
15C,NHS Bristol North Somerset and South Gloucestershire ICB - 15C,E54000039,E40000006,South West,2026-05,466795.7470610298
15C,NHS Bristol North Somerset and South Gloucestershire ICB - 15C,E54000039,E40000006,South West,2026-06,458505.7331703854
15C,NHS Bristol North Somerset and South Gloucestershire ICB - 15C,E54000039,E40000006,South West,2026-07,494837.82510364446
15C,NHS Bristol North Somerset and South Gloucestershire ICB - 15C,E54000039,E40000006,South West,2026-08,437561.0339409814
15C,NHS Bristol North Somerset and South Gloucestershire ICB - 15C,E54000039,E40000006,South West,2026-09,483927.854116987
15C,NHS Bristol North Somerset and South Gloucestershire ICB - 15C,E54000039,E40000006,South West,2026-10,575840.7440170981
15C,NHS Bristol North Somerset and South Gloucestershire ICB - 15C,E54000039,E40000006,South West,2026-11,504093.6625929193
15C,NHS Bristol North Somerset and South Gloucestershire ICB - 15C,E54000039,E40000006,South West,2026-12,449358.23079373594
15C,NHS Bristol North Somerset and South Gloucestershire ICB - 15C,E54000039,E40000006,South West,2027-01,518501.4833146442
15E,NHS Birmingham and Solihull ICB - 15E,E54000055,E40000011,Midlands,2026-02,734809.160822211
15E,NHS Birmingham and Solihull ICB - 15E,E54000055,E40000011,Midlands,2026-03,737377.1214627497
15E,NHS Birmingham and Solihull ICB - 15E,E54000055,E40000011,Midlands,2026-04,726544.2885983057
15E,NHS Birmingham and Solihull ICB - 15E,E54000055,E40000011,Midlands,2026-05,731119.0410006447
15E,NHS Birmingham and Solihull ICB - 15E,E54000055,E40000011,Midlands,2026-06,731265.3178031265
15E,NHS Birmingham and Solihull ICB - 15E,E54000055,E40000011,Midlands,2026-07,789118.7846044577
15E,NHS Birmingham and Solihull ICB - 15E,E54000055,E40000011,Midlands,2026-08,692295.3935240824
15E,NHS Birmingham and Solihull ICB - 15E,E54000055,E40000011,Midlands,2026-09,778232.2080110331
15E,NHS Birmingham and Solihull ICB - 15E,E54000055,E40000011,Midlands,2026-10,895123.3657512972
15E,NHS Birmingham and Solihull ICB - 15E,E54000055,E40000011,Midlands,2026-11,783807.2985768934
15E,NHS Birmingham and Solihull ICB - 15E,E54000055,E40000011,Midlands,2026-12,713760.9503461173
15E,NHS Birmingham and Solihull ICB - 15E,E54000055,E40000011,Midlands,2027-01,814557.7579075071
15F,NHS West Yorkshire ICB - 15F,E54000054,E40000012,North East and Yorkshire,2026-02,394585.6492191149
15F,NHS West Yorkshire ICB - 15F,E54000054,E40000012,North East and Yorkshire,2026-03,401885.56265394617
15F,NHS West Yorkshire ICB - 15F,E54000054,E40000012,North East and Yorkshire,2026-04,396125.74291477265
15F,NHS West Yorkshire ICB - 15F,E54000054,E40000012,North East and Yorkshire,2026-05,392286.5999828499
15F,NHS West Yorkshire ICB - 15F,E54000054,E40000012,North East and Yorkshire,2026-06,384797.4087699269
15F,NHS West Yorkshire ICB - 15F,E54000054,E40000012,North East and Yorkshire,2026-07,421741.4755877586
15F,NHS West Yorkshire ICB - 15F,E54000054,E40000012,North East and Yorkshire,2026-08,372054.3489254354
15F,NHS West Yorkshire ICB - 15F,E54000054,E40000012,North East and Yorkshire,2026-09,408054.2352259452
15F,NHS West Yorkshire ICB - 15F,E54000054,E40000012,North East and Yorkshire,2026-10,494555.6903559757
15F,NHS West Yorkshire ICB - 15F,E54000054,E40000012,North East and Yorkshire,2026-11,416578.7873123292
15F,NHS West Yorkshire ICB - 15F,E54000054,E40000012,North East and Yorkshire,2026-12,380377.0836383382
15F,NHS West Yorkshire ICB - 15F,E54000054,E40000012,North East and Yorkshire,2027-01,435489.50233152846
15M,NHS Derby and Derbyshire ICB - 15M,E54000058,E40000011,Midlands,2026-02,520706.3709900287
15M,NHS Derby and Derbyshire ICB - 15M,E54000058,E40000011,Midlands,2026-03,527123.6969082083
15M,NHS Derby and Derbyshire ICB - 15M,E54000058,E40000011,Midlands,2026-04,517883.16828159295
15M,NHS Derby and Derbyshire ICB - 15M,E54000058,E40000011,Midlands,2026-05,517310.35442788433
15M,NHS Derby and Derbyshire ICB - 15M,E54000058,E40000011,Midlands,2026-06,512896.2768057763
15M,NHS Derby and Derbyshire ICB - 15M,E54000058,E40000011,Midlands,2026-07,560839.678206781
15M,NHS Derby and Derbyshire ICB - 15M,E54000058,E40000011,Midlands,2026-08,490178.86944438104
15M,NHS Derby and Derbyshire ICB - 15M,E54000058,E40000011,Midlands,2026-09,545555.5299720378
15M,NHS Derby and Derbyshire ICB - 15M,E54000058,E40000011,Midlands,2026-10,667194.3708392679
15M,NHS Derby and Derbyshire ICB - 15M,E54000058,E40000011,Midlands,2026-11,546234.3404533153
15M,NHS Derby and Derbyshire ICB - 15M,E54000058,E40000011,Midlands,2026-12,496076.8609743755
15M,NHS Derby and Derbyshire ICB - 15M,E54000058,E40000011,Midlands,2027-01,572095.5538438503
15N,NHS Devon ICB - 15N,E54000037,E40000006,South West,2026-02,740919.9825733508
15N,NHS Devon ICB - 15N,E54000037,E40000006,South West,2026-03,744639.5673010361
15N,NHS Devon ICB - 15N,E54000037,E40000006,South West,2026-04,729996.1824558919
15N,NHS Devon ICB - 15N,E54000037,E40000006,South West,2026-05,719978.6775773776
15N,NHS Devon ICB - 15N,E54000037,E40000006,South West,2026-06,702621.8809191696
15N,NHS Devon ICB - 15N,E54000037,E40000006,South West,2026-07,768743.8856723502
15N,NHS Devon ICB - 15N,E54000037,E40000006,South West,2026-08,671535.1364089944
15N,NHS Devon ICB - 15N,E54000037,E40000006,South West,2026-09,746503.4600020036
15N,NHS Devon ICB - 15N,E54000037,E40000006,South West,2026-10,925851.3534714334
15N,NHS Devon ICB - 15N,E54000037,E40000006,South West,2026-11,762514.9180882459
15N,NHS Devon ICB - 15N,E54000037,E40000006,South West,2026-12,680331.2086425165
15N,NHS Devon ICB - 15N,E54000037,E40000006,South West,2027-01,808039.1232263083
16C,NHS North East and North Cumbria ICB - 16C,E54000050,E40000012,North East and Yorkshire,2026-02,346545.4675652741
16C,NHS North East and North Cumbria ICB - 16C,E54000050,E40000012,North East and Yorkshire,2026-03,349730.2850640449
16C,NHS North East and North Cumbria ICB - 16C,E54000050,E40000012,North East and Yorkshire,2026-04,341391.5619035485
16C,NHS North East and North Cumbria ICB - 16C,E54000050,E40000012,North East and Yorkshire,2026-05,340038.5287154815
16C,NHS North East and North Cumbria ICB - 16C,E54000050,E40000012,North East and Yorkshire,2026-06,337300.3025656238
16C,NHS North East and North Cumbria ICB - 16C,E54000050,E40000012,North East and Yorkshire,2026-07,370562.86599708477
16C,NHS North East and North Cumbria ICB - 16C,E54000050,E40000012,North East and Yorkshire,2026-08,322437.8140187963
16C,NHS North East and North Cumbria ICB - 16C,E54000050,E40000012,North East and Yorkshire,2026-09,364917.8328638552
16C,NHS North East and North Cumbria ICB - 16C,E54000050,E40000012,North East and Yorkshire,2026-10,435150.0612980503
16C,NHS North East and North Cumbria ICB - 16C,E54000050,E40000012,North East and Yorkshire,2026-11,359906.13935471186
16C,NHS North East and North Cumbria ICB - 16C,E54000050,E40000012,North East and Yorkshire,2026-12,325926.0465236959
16C,NHS North East and North Cumbria ICB - 16C,E54000050,E40000012,North East and Yorkshire,2027-01,381974.7444486936
18C,NHS Herefordshire and Worcestershire ICB - 18C,E54000019,E40000011,Midlands,2026-02,420809.0534295257
18C,NHS Herefordshire and Worcestershire ICB - 18C,E54000019,E40000011,Midlands,2026-03,420575.163473673
18C,NHS Herefordshire and Worcestershire ICB - 18C,E54000019,E40000011,Midlands,2026-04,414797.1359056661
18C,NHS Herefordshire and Worcestershire ICB - 18C,E54000019,E40000011,Midlands,2026-05,405357.79913746216
18C,NHS Herefordshire and Worcestershire ICB - 18C,E54000019,E40000011,Midlands,2026-06,398003.0722959039
18C,NHS Herefordshire and Worcestershire ICB - 18C,E54000019,E40000011,Midlands,2026-07,416124.2710911648
18C,NHS Herefordshire and Worcestershire ICB - 18C,E54000019,E40000011,Midlands,2026-08,378814.840068221
18C,NHS Herefordshire and Worcestershire ICB - 18C,E54000019,E40000011,Midlands,2026-09,424845.3963387031
18C,NHS Herefordshire and Worcestershire ICB - 18C,E54000019,E40000011,Midlands,2026-10,521172.64363011654
18C,NHS Herefordshire and Worcestershire ICB - 18C,E54000019,E40000011,Midlands,2026-11,427105.0243928095
18C,NHS Herefordshire and Worcestershire ICB - 18C,E54000019,E40000011,Midlands,2026-12,379613.6570201302
18C,NHS Herefordshire and Worcestershire ICB - 18C,E54000019,E40000011,Midlands,2027-01,437619.5710146004
36J,NHS West Yorkshire ICB - 36J,E54000054,E40000012,North East and Yorkshire,2026-02,367988.72986309405
36J,NHS West Yorkshire ICB - 36J,E54000054,E40000012,North East and Yorkshire,2026-03,367333.142173426
36J,NHS West Yorkshire ICB - 36J,E54000054,E40000012,North East and Yorkshire,2026-04,365930.94902823004
36J,NHS West Yorkshire ICB - 36J,E54000054,E40000012,North East and Yorkshire,2026-05,371290.40379570617
36J,NHS West Yorkshire ICB - 36J,E54000054,E40000012,North East and Yorkshire,2026-06,367417.2332739345
36J,NHS West Yorkshire ICB - 36J,E54000054,E40000012,North East and Yorkshire,2026-07,404608.15168066917
36J,NHS West Yorkshire ICB - 36J,E54000054,E40000012,North East and Yorkshire,2026-08,350393.4523653847
36J,NHS West Yorkshire ICB - 36J,E54000054,E40000012,North East and Yorkshire,2026-09,385220.21583635395
36J,NHS West Yorkshire ICB - 36J,E54000054,E40000012,North East and Yorkshire,2026-10,431725.0093725594
36J,NHS West Yorkshire ICB - 36J,E54000054,E40000012,North East and Yorkshire,2026-11,382530.59485307505
36J,NHS West Yorkshire ICB - 36J,E54000054,E40000012,North East and Yorkshire,2026-12,359143.2366687544
36J,NHS West Yorkshire ICB - 36J,E54000054,E40000012,North East and Yorkshire,2027-01,401148.31173332233
36L,NHS South West London ICB - 36L,E54000031,E40000003,London,2026-02,693702.3031567882
36L,NHS South West London ICB - 36L,E54000031,E40000003,London,2026-03,703740.6333622176
36L,NHS South West London ICB - 36L,E54000031,E40000003,London,2026-04,681165.0461351237
36L,NHS South West London ICB - 36L,E54000031,E40000003,London,2026-05,693697.2570912414
36L,NHS South West London ICB - 36L,E54000031,E40000003,London,2026-06,689824.077353218
36L,NHS South West London ICB - 36L,E54000031,E40000003,London,2026-07,733127.6707957849
36L,NHS South West London ICB - 36L,E54000031,E40000003,London,2026-08,641100.9856297094
36L,NHS South West London ICB - 36L,E54000031,E40000003,London,2026-09,710819.2154025516
36L,NHS South West London ICB - 36L,E54000031,E40000003,London,2026-10,816986.9950871501
36L,NHS South West London ICB - 36L,E54000031,E40000003,London,2026-11,716624.5805124921
36L,NHS South West London ICB - 36L,E54000031,E40000003,London,2026-12,640712.9712654775
36L,NHS South West London ICB - 36L,E54000031,E40000003,London,2027-01,748651.2494961887
42D,NHS Humber and North Yorkshire ICB - 42D,E54000051,E40000012,North East and Yorkshire,2026-02,291414.6728362144
42D,NHS Humber and North Yorkshire ICB - 42D,E54000051,E40000012,North East and Yorkshire,2026-03,294890.95362932136
42D,NHS Humber and North Yorkshire ICB - 42D,E54000051,E40000012,North East and Yorkshire,2026-04,293734.9486555924
42D,NHS Humber and North Yorkshire ICB - 42D,E54000051,E40000012,North East and Yorkshire,2026-05,290239.9451426364
42D,NHS Humber and North Yorkshire ICB - 42D,E54000051,E40000012,North East and Yorkshire,2026-06,282917.29069609084
42D,NHS Humber and North Yorkshire ICB - 42D,E54000051,E40000012,North East and Yorkshire,2026-07,308874.7809820875
42D,NHS Humber and North Yorkshire ICB - 42D,E54000051,E40000012,North East and Yorkshire,2026-08,274133.6819912955
42D,NHS Humber and North Yorkshire ICB - 42D,E54000051,E40000012,North East and Yorkshire,2026-09,305717.08546335204
42D,NHS Humber and North Yorkshire ICB - 42D,E54000051,E40000012,North East and Yorkshire,2026-10,380784.34108605154
42D,NHS Humber and North Yorkshire ICB - 42D,E54000051,E40000012,North East and Yorkshire,2026-11,306537.9281480677
42D,NHS Humber and North Yorkshire ICB - 42D,E54000051,E40000012,North East and Yorkshire,2026-12,278407.9440454679
42D,NHS Humber and North Yorkshire ICB - 42D,E54000051,E40000012,North East and Yorkshire,2027-01,319762.02462034463
52R,NHS Nottingham and Nottinghamshire ICB - 52R,E54000060,E40000011,Midlands,2026-02,511820.2622620516
52R,NHS Nottingham and Nottinghamshire ICB - 52R,E54000060,E40000011,Midlands,2026-03,512405.2665303726
52R,NHS Nottingham and Nottinghamshire ICB - 52R,E54000060,E40000011,Midlands,2026-04,498138.6237695516
52R,NHS Nottingham and Nottinghamshire ICB - 52R,E54000060,E40000011,Midlands,2026-05,501086.16023747
52R,NHS Nottingham and Nottinghamshire ICB - 52R,E54000060,E40000011,Midlands,2026-06,491635.02771559294
52R,NHS Nottingham and Nottinghamshire ICB - 52R,E54000060,E40000011,Midlands,2026-07,543670.4623941142
52R,NHS Nottingham and Nottinghamshire ICB - 52R,E54000060,E40000011,Midlands,2026-08,475131.4543704319
52R,NHS Nottingham and Nottinghamshire ICB - 52R,E54000060,E40000011,Midlands,2026-09,543435.4969500742
52R,NHS Nottingham and Nottinghamshire ICB - 52R,E54000060,E40000011,Midlands,2026-10,646683.2305258041
52R,NHS Nottingham and Nottinghamshire ICB - 52R,E54000060,E40000011,Midlands,2026-11,538383.6442371747
52R,NHS Nottingham and Nottinghamshire ICB - 52R,E54000060,E40000011,Midlands,2026-12,498706.1591176616
52R,NHS Nottingham and Nottinghamshire ICB - 52R,E54000060,E40000011,Midlands,2027-01,570843.2840991194
70F,NHS Sussex ICB - 70F,E54000053,E40000005,South East,2026-02,480797.70731987245
70F,NHS Sussex ICB - 70F,E54000053,E40000005,South East,2026-03,487706.70010679134
70F,NHS Sussex ICB - 70F,E54000053,E40000005,South East,2026-04,475807.6438331907
70F,NHS Sussex ICB - 70F,E54000053,E40000005,South East,2026-05,478522.03063596674
70F,NHS Sussex ICB - 70F,E54000053,E40000005,South East,2026-06,472657.46887843683
70F,NHS Sussex ICB - 70F,E54000053,E40000005,South East,2026-07,504251.10988486157
70F,NHS Sussex ICB - 70F,E54000053,E40000005,South East,2026-08,455936.64141984313
70F,NHS Sussex ICB - 70F,E54000053,E40000005,South East,2026-09,500631.3165063005
70F,NHS Sussex ICB - 70F,E54000053,E40000005,South East,2026-10,619365.6427682933
70F,NHS Sussex ICB - 70F,E54000053,E40000005,South East,2026-11,507822.144926184
70F,NHS Sussex ICB - 70F,E54000053,E40000005,South East,2026-12,454297.26546010206
70F,NHS Sussex ICB - 70F,E54000053,E40000005,South East,2027-01,539609.3063508383
71E,NHS Lincolnshire ICB - 71E,E54000013,E40000011,Midlands,2026-02,430484.71709975513
71E,NHS Lincolnshire ICB - 71E,E54000013,E40000011,Midlands,2026-03,440102.7816083409
71E,NHS Lincolnshire ICB - 71E,E54000013,E40000011,Midlands,2026-04,435054.4059419515
71E,NHS Lincolnshire ICB - 71E,E54000013,E40000011,Midlands,2026-05,425347.9518654468
71E,NHS Lincolnshire ICB - 71E,E54000013,E40000011,Midlands,2026-06,417739.1855955048
71E,NHS Lincolnshire ICB - 71E,E54000013,E40000011,Midlands,2026-07,468581.4847976158
71E,NHS Lincolnshire ICB - 71E,E54000013,E40000011,Midlands,2026-08,403346.3368593663
71E,NHS Lincolnshire ICB - 71E,E54000013,E40000011,Midlands,2026-09,449436.3882587373
71E,NHS Lincolnshire ICB - 71E,E54000013,E40000011,Midlands,2026-10,561337.8307239357
71E,NHS Lincolnshire ICB - 71E,E54000013,E40000011,Midlands,2026-11,458696.2124952121
71E,NHS Lincolnshire ICB - 71E,E54000013,E40000011,Midlands,2026-12,411493.88264585496
71E,NHS Lincolnshire ICB - 71E,E54000013,E40000011,Midlands,2027-01,473833.91789343604
72Q,NHS South East London ICB - 72Q,E54000030,E40000003,London,2026-02,737903.430290388
72Q,NHS South East London ICB - 72Q,E54000030,E40000003,London,2026-03,746371.4265791161
72Q,NHS South East London ICB - 72Q,E54000030,E40000003,London,2026-04,720718.3988568933
72Q,NHS South East London ICB - 72Q,E54000030,E40000003,London,2026-05,726219.5110449565
72Q,NHS South East London ICB - 72Q,E54000030,E40000003,London,2026-06,711850.2498605236
72Q,NHS South East London ICB - 72Q,E54000030,E40000003,London,2026-07,753479.1391412852
72Q,NHS South East London ICB - 72Q,E54000030,E40000003,London,2026-08,683488.3083911208
72Q,NHS South East London ICB - 72Q,E54000030,E40000003,London,2026-09,760523.8000306827
72Q,NHS South East London ICB - 72Q,E54000030,E40000003,London,2026-10,881067.827696689
72Q,NHS South East London ICB - 72Q,E54000030,E40000003,London,2026-11,765322.1220032595
72Q,NHS South East London ICB - 72Q,E54000030,E40000003,London,2026-12,691273.3595662306
72Q,NHS South East London ICB - 72Q,E54000030,E40000003,London,2027-01,796092.5144815485
78H,NHS Northamptonshire ICB - 78H,E54000059,E40000011,Midlands,2026-02,401681.7404403417
78H,NHS Northamptonshire ICB - 78H,E54000059,E40000011,Midlands,2026-03,411042.0603862548
78H,NHS Northamptonshire ICB - 78H,E54000059,E40000011,Midlands,2026-04,401018.13978563977
78H,NHS Northamptonshire ICB - 78H,E54000059,E40000011,Midlands,2026-05,402856.91496437584
78H,NHS Northamptonshire ICB - 78H,E54000059,E40000011,Midlands,2026-06,398866.6450040001
78H,NHS Northamptonshire ICB - 78H,E54000059,E40000011,Midlands,2026-07,441018.29649133456
78H,NHS Northamptonshire ICB - 78H,E54000059,E40000011,Midlands,2026-08,385693.4545478253
78H,NHS Northamptonshire ICB - 78H,E54000059,E40000011,Midlands,2026-09,429002.44584311504
78H,NHS Northamptonshire ICB - 78H,E54000059,E40000011,Midlands,2026-10,521930.7276122744
78H,NHS Northamptonshire ICB - 78H,E54000059,E40000011,Midlands,2026-11,430943.6900864702
78H,NHS Northamptonshire ICB - 78H,E54000059,E40000011,Midlands,2026-12,394359.47608027625
78H,NHS Northamptonshire ICB - 78H,E54000059,E40000011,Midlands,2027-01,454201.79216842895
84H,NHS North East and North Cumbria ICB - 84H,E54000050,E40000012,North East and Yorkshire,2026-02,321823.2956912749
84H,NHS North East and North Cumbria ICB - 84H,E54000050,E40000012,North East and Yorkshire,2026-03,322530.23834598763
84H,NHS North East and North Cumbria ICB - 84H,E54000050,E40000012,North East and Yorkshire,2026-04,318267.9026839168
84H,NHS North East and North Cumbria ICB - 84H,E54000050,E40000012,North East and Yorkshire,2026-05,313809.6475032541
84H,NHS North East and North Cumbria ICB - 84H,E54000050,E40000012,North East and Yorkshire,2026-06,311517.3655578473
84H,NHS North East and North Cumbria ICB - 84H,E54000050,E40000012,North East and Yorkshire,2026-07,337346.8088079868
84H,NHS North East and North Cumbria ICB - 84H,E54000050,E40000012,North East and Yorkshire,2026-08,290556.6217485492
84H,NHS North East and North Cumbria ICB - 84H,E54000050,E40000012,North East and Yorkshire,2026-09,322518.868994962
84H,NHS North East and North Cumbria ICB - 84H,E54000050,E40000012,North East and Yorkshire,2026-10,385387.6529189732
84H,NHS North East and North Cumbria ICB - 84H,E54000050,E40000012,North East and Yorkshire,2026-11,327927.81691469345
84H,NHS North East and North Cumbria ICB - 84H,E54000050,E40000012,North East and Yorkshire,2026-12,295967.5783262868
84H,NHS North East and North Cumbria ICB - 84H,E54000050,E40000012,North East and Yorkshire,2027-01,344393.96591373335
91Q,NHS Kent and Medway ICB - 91Q,E54000032,E40000005,South East,2026-02,828617.2327296658
91Q,NHS Kent and Medway ICB - 91Q,E54000032,E40000005,South East,2026-03,836434.6904116676
91Q,NHS Kent and Medway ICB - 91Q,E54000032,E40000005,South East,2026-04,814016.0390623383
91Q,NHS Kent and Medway ICB - 91Q,E54000032,E40000005,South East,2026-05,802648.1261993698
91Q,NHS Kent and Medway ICB - 91Q,E54000032,E40000005,South East,2026-06,793577.7145450651
91Q,NHS Kent and Medway ICB - 91Q,E54000032,E40000005,South East,2026-07,850184.9458876535
91Q,NHS Kent and Medway ICB - 91Q,E54000032,E40000005,South East,2026-08,746734.2579743448
91Q,NHS Kent and Medway ICB - 91Q,E54000032,E40000005,South East,2026-09,844906.9001852485
91Q,NHS Kent and Medway ICB - 91Q,E54000032,E40000005,South East,2026-10,1004979.6568762137
91Q,NHS Kent and Medway ICB - 91Q,E54000032,E40000005,South East,2026-11,842545.4901329129
91Q,NHS Kent and Medway ICB - 91Q,E54000032,E40000005,South East,2026-12,755891.360029386
91Q,NHS Kent and Medway ICB - 91Q,E54000032,E40000005,South East,2027-01,880446.7067507115
92A,NHS Surrey Heartlands ICB - 92A,E54000052,E40000005,South East,2026-02,505183.6955170803
92A,NHS Surrey Heartlands ICB - 92A,E54000052,E40000005,South East,2026-03,500527.6858986603
92A,NHS Surrey Heartlands ICB - 92A,E54000052,E40000005,South East,2026-04,487587.1064790513
92A,NHS Surrey Heartlands ICB - 92A,E54000052,E40000005,South East,2026-05,488496.8319195204
92A,NHS Surrey Heartlands ICB - 92A,E54000052,E40000005,South East,2026-06,485797.70164233714
92A,NHS Surrey Heartlands ICB - 92A,E54000052,E40000005,South East,2026-07,511092.7790506158
92A,NHS Surrey Heartlands ICB - 92A,E54000052,E40000005,South East,2026-08,455478.27064474585
92A,NHS Surrey Heartlands ICB - 92A,E54000052,E40000005,South East,2026-09,514501.00124854856
92A,NHS Surrey Heartlands ICB - 92A,E54000052,E40000005,South East,2026-10,617266.4679061178
92A,NHS Surrey Heartlands ICB - 92A,E54000052,E40000005,South East,2026-11,520879.1717899713
92A,NHS Surrey Heartlands ICB - 92A,E54000052,E40000005,South East,2026-12,474069.08830467623
92A,NHS Surrey Heartlands ICB - 92A,E54000052,E40000005,South East,2027-01,549585.2410865431
92G,NHS Bath and North East Somerset Swindon and Wiltshire ICB - 92G,E54000040,E40000006,South West,2026-02,494866.17625671317
92G,NHS Bath and North East Somerset Swindon and Wiltshire ICB - 92G,E54000040,E40000006,South West,2026-03,499331.370882731
92G,NHS Bath and North East Somerset Swindon and Wiltshire ICB - 92G,E54000040,E40000006,South West,2026-04,489823.6367240177
92G,NHS Bath and North East Somerset Swindon and Wiltshire ICB - 92G,E54000040,E40000006,South West,2026-05,487923.41324337083
92G,NHS Bath and North East Somerset Swindon and Wiltshire ICB - 92G,E54000040,E40000006,South West,2026-06,480174.3318149942
92G,NHS Bath and North East Somerset Swindon and Wiltshire ICB - 92G,E54000040,E40000006,South West,2026-07,523979.6140152902
92G,NHS Bath and North East Somerset Swindon and Wiltshire ICB - 92G,E54000040,E40000006,South West,2026-08,447710.50781053776
92G,NHS Bath and North East Somerset Swindon and Wiltshire ICB - 92G,E54000040,E40000006,South West,2026-09,509301.0773611967
92G,NHS Bath and North East Somerset Swindon and Wiltshire ICB - 92G,E54000040,E40000006,South West,2026-10,629481.7058991258
92G,NHS Bath and North East Somerset Swindon and Wiltshire ICB - 92G,E54000040,E40000006,South West,2026-11,517439.25298516307
92G,NHS Bath and North East Somerset Swindon and Wiltshire ICB - 92G,E54000040,E40000006,South West,2026-12,460902.9147065819
92G,NHS Bath and North East Somerset Swindon and Wiltshire ICB - 92G,E54000040,E40000006,South West,2027-01,541548.1432061137
93C,NHS North Central London ICB - 93C,E54000028,E40000003,London,2026-02,700063.2971881616
93C,NHS North Central London ICB - 93C,E54000028,E40000003,London,2026-03,708876.0797346947
93C,NHS North Central London ICB - 93C,E54000028,E40000003,London,2026-04,681052.2759992504
93C,NHS North Central London ICB - 93C,E54000028,E40000003,London,2026-05,693643.4608304836
93C,NHS North Central London ICB - 93C,E54000028,E40000003,London,2026-06,690967.8833627012
93C,NHS North Central London ICB - 93C,E54000028,E40000003,London,2026-07,748432.7477109814
93C,NHS North Central London ICB - 93C,E54000028,E40000003,London,2026-08,648568.9339552002
93C,NHS North Central London ICB - 93C,E54000028,E40000003,London,2026-09,733918.1565204731
93C,NHS North Central London ICB - 93C,E54000028,E40000003,London,2026-10,841360.979176399
93C,NHS North Central London ICB - 93C,E54000028,E40000003,London,2026-11,745796.6961360982
93C,NHS North Central London ICB - 93C,E54000028,E40000003,London,2026-12,671279.6827594135
93C,NHS North Central London ICB - 93C,E54000028,E40000003,London,2027-01,776629.8333765763
97R,NHS Sussex ICB - 97R,E54000053,E40000005,South East,2026-02,280157.64575690625
97R,NHS Sussex ICB - 97R,E54000053,E40000005,South East,2026-03,287538.75253559294
97R,NHS Sussex ICB - 97R,E54000053,E40000005,South East,2026-04,274824.0828907552
97R,NHS Sussex ICB - 97R,E54000053,E40000005,South East,2026-05,279135.64875760535
97R,NHS Sussex ICB - 97R,E54000053,E40000005,South East,2026-06,275387.2764077023
97R,NHS Sussex ICB - 97R,E54000053,E40000005,South East,2026-07,290357.82261201297
97R,NHS Sussex ICB - 97R,E54000053,E40000005,South East,2026-08,263802.6312418291
97R,NHS Sussex ICB - 97R,E54000053,E40000005,South East,2026-09,292428.5212364015
97R,NHS Sussex ICB - 97R,E54000053,E40000005,South East,2026-10,353391.8862302683
97R,NHS Sussex ICB - 97R,E54000053,E40000005,South East,2026-11,297969.02431699313
97R,NHS Sussex ICB - 97R,E54000053,E40000005,South East,2026-12,263996.4001478224
97R,NHS Sussex ICB - 97R,E54000053,E40000005,South East,2027-01,306996.94004476466
99C,NHS North East and North Cumbria ICB - 99C,E54000050,E40000012,North East and Yorkshire,2026-02,107085.47204320274
99C,NHS North East and North Cumbria ICB - 99C,E54000050,E40000012,North East and Yorkshire,2026-03,109687.39890374383
99C,NHS North East and North Cumbria ICB - 99C,E54000050,E40000012,North East and Yorkshire,2026-04,108880.3828374665
99C,NHS North East and North Cumbria ICB - 99C,E54000050,E40000012,North East and Yorkshire,2026-05,105489.45805167798
99C,NHS North East and North Cumbria ICB - 99C,E54000050,E40000012,North East and Yorkshire,2026-06,104871.2299461597
99C,NHS North East and North Cumbria ICB - 99C,E54000050,E40000012,North East and Yorkshire,2026-07,114618.25714998438
99C,NHS North East and North Cumbria ICB - 99C,E54000050,E40000012,North East and Yorkshire,2026-08,99005.54408297
99C,NHS North East and North Cumbria ICB - 99C,E54000050,E40000012,North East and Yorkshire,2026-09,112385.23180919996
99C,NHS North East and North Cumbria ICB - 99C,E54000050,E40000012,North East and Yorkshire,2026-10,139000.8592274687
99C,NHS North East and North Cumbria ICB - 99C,E54000050,E40000012,North East and Yorkshire,2026-11,110588.10628061037
99C,NHS North East and North Cumbria ICB - 99C,E54000050,E40000012,North East and Yorkshire,2026-12,101840.35320009329
99C,NHS North East and North Cumbria ICB - 99C,E54000050,E40000012,North East and Yorkshire,2027-01,120285.46854786151
A3A8R,NHS North East London ICB - A3A8R,E54000029,E40000003,London,2026-02,990806.7833104202
A3A8R,NHS North East London ICB - A3A8R,E54000029,E40000003,London,2026-03,993301.5169467155
A3A8R,NHS North East London ICB - A3A8R,E54000029,E40000003,London,2026-04,963857.59410333
A3A8R,NHS North East London ICB - A3A8R,E54000029,E40000003,London,2026-05,983931.0151147224
A3A8R,NHS North East London ICB - A3A8R,E54000029,E40000003,London,2026-06,984797.2349499947
A3A8R,NHS North East London ICB - A3A8R,E54000029,E40000003,London,2026-07,1070778.4191946716
A3A8R,NHS North East London ICB - A3A8R,E54000029,E40000003,London,2026-08,926637.2823906223
A3A8R,NHS North East London ICB - A3A8R,E54000029,E40000003,London,2026-09,1044277.7523686782
A3A8R,NHS North East London ICB - A3A8R,E54000029,E40000003,London,2026-10,1183683.2847874095
A3A8R,NHS North East London ICB - A3A8R,E54000029,E40000003,London,2026-11,1043682.24512704
A3A8R,NHS North East London ICB - A3A8R,E54000029,E40000003,London,2026-12,940450.2638802299
A3A8R,NHS North East London ICB - A3A8R,E54000029,E40000003,London,2027-01,1081060.6939753515
B2M3M,NHS Coventry and Warwickshire ICB - B2M3M,E54000018,E40000011,Midlands,2026-02,452086.80563372123
B2M3M,NHS Coventry and Warwickshire ICB - B2M3M,E54000018,E40000011,Midlands,2026-03,449884.79509142175
B2M3M,NHS Coventry and Warwickshire ICB - B2M3M,E54000018,E40000011,Midlands,2026-04,446665.30373068573
B2M3M,NHS Coventry and Warwickshire ICB - B2M3M,E54000018,E40000011,Midlands,2026-05,444520.5619654335
B2M3M,NHS Coventry and Warwickshire ICB - B2M3M,E54000018,E40000011,Midlands,2026-06,444260.5944509859
B2M3M,NHS Coventry and Warwickshire ICB - B2M3M,E54000018,E40000011,Midlands,2026-07,471359.3111932958
B2M3M,NHS Coventry and Warwickshire ICB - B2M3M,E54000018,E40000011,Midlands,2026-08,420260.7791890979
B2M3M,NHS Coventry and Warwickshire ICB - B2M3M,E54000018,E40000011,Midlands,2026-09,473274.73552437953
B2M3M,NHS Coventry and Warwickshire ICB - B2M3M,E54000018,E40000011,Midlands,2026-10,565991.4019669595
B2M3M,NHS Coventry and Warwickshire ICB - B2M3M,E54000018,E40000011,Midlands,2026-11,478352.526729153
B2M3M,NHS Coventry and Warwickshire ICB - B2M3M,E54000018,E40000011,Midlands,2026-12,432463.02874866733
B2M3M,NHS Coventry and Warwickshire ICB - B2M3M,E54000018,E40000011,Midlands,2027-01,494119.931240713
D2P2L,NHS Black Country ICB - D2P2L,E54000062,E40000011,Midlands,2026-02,623049.4991254539
D2P2L,NHS Black Country ICB - D2P2L,E54000062,E40000011,Midlands,2026-03,624528.1069134325
D2P2L,NHS Black Country ICB - D2P2L,E54000062,E40000011,Midlands,2026-04,618166.288150578
D2P2L,NHS Black Country ICB - D2P2L,E54000062,E40000011,Midlands,2026-05,612756.142750225
D2P2L,NHS Black Country ICB - D2P2L,E54000062,E40000011,Midlands,2026-06,620977.4929620082
D2P2L,NHS Black Country ICB - D2P2L,E54000062,E40000011,Midlands,2026-07,660734.9009666488
D2P2L,NHS Black Country ICB - D2P2L,E54000062,E40000011,Midlands,2026-08,586430.2787346795
D2P2L,NHS Black Country ICB - D2P2L,E54000062,E40000011,Midlands,2026-09,658172.9029854987
D2P2L,NHS Black Country ICB - D2P2L,E54000062,E40000011,Midlands,2026-10,790633.4238396112
D2P2L,NHS Black Country ICB - D2P2L,E54000062,E40000011,Midlands,2026-11,664975.748854348
D2P2L,NHS Black Country ICB - D2P2L,E54000062,E40000011,Midlands,2026-12,604715.3556574284
D2P2L,NHS Black Country ICB - D2P2L,E54000062,E40000011,Midlands,2027-01,695170.4691511552
D4U1Y,NHS Frimley ICB - D4U1Y,E54000034,E40000005,South East,2026-02,360740.0619228148
D4U1Y,NHS Frimley ICB - D4U1Y,E54000034,E40000005,South East,2026-03,347064.0200598566
D4U1Y,NHS Frimley ICB - D4U1Y,E54000034,E40000005,South East,2026-04,349803.33275673183
D4U1Y,NHS Frimley ICB - D4U1Y,E54000034,E40000005,South East,2026-05,348514.1440437322
D4U1Y,NHS Frimley ICB - D4U1Y,E54000034,E40000005,South East,2026-06,324866.5778543346
D4U1Y,NHS Frimley ICB - D4U1Y,E54000034,E40000005,South East,2026-07,362694.08609758306
D4U1Y,NHS Frimley ICB - D4U1Y,E54000034,E40000005,South East,2026-08,316239.0570259074
D4U1Y,NHS Frimley ICB - D4U1Y,E54000034,E40000005,South East,2026-09,346446.75661193073
D4U1Y,NHS Frimley ICB - D4U1Y,E54000034,E40000005,South East,2026-10,436577.14776449755
D4U1Y,NHS Frimley ICB - D4U1Y,E54000034,E40000005,South East,2026-11,359414.19405688177
D4U1Y,NHS Frimley ICB - D4U1Y,E54000034,E40000005,South East,2026-12,323770.8634639771
D4U1Y,NHS Frimley ICB - D4U1Y,E54000034,E40000005,South East,2027-01,376932.80279847403
D9Y0V,NHS Hampshire and Isle Of Wight ICB - D9Y0V,E54000042,E40000005,South East,2026-02,804826.8900117953
D9Y0V,NHS Hampshire and Isle Of Wight ICB - D9Y0V,E54000042,E40000005,South East,2026-03,824369.6397310356
D9Y0V,NHS Hampshire and Isle Of Wight ICB - D9Y0V,E54000042,E40000005,South East,2026-04,801358.6424368755
D9Y0V,NHS Hampshire and Isle Of Wight ICB - D9Y0V,E54000042,E40000005,South East,2026-05,791480.9961446123
D9Y0V,NHS Hampshire and Isle Of Wight ICB - D9Y0V,E54000042,E40000005,South East,2026-06,787053.0176302561
D9Y0V,NHS Hampshire and Isle Of Wight ICB - D9Y0V,E54000042,E40000005,South East,2026-07,848030.3979403137
D9Y0V,NHS Hampshire and Isle Of Wight ICB - D9Y0V,E54000042,E40000005,South East,2026-08,753216.6897407718
D9Y0V,NHS Hampshire and Isle Of Wight ICB - D9Y0V,E54000042,E40000005,South East,2026-09,838636.9526466421
D9Y0V,NHS Hampshire and Isle Of Wight ICB - D9Y0V,E54000042,E40000005,South East,2026-10,1000925.3541991279
D9Y0V,NHS Hampshire and Isle Of Wight ICB - D9Y0V,E54000042,E40000005,South East,2026-11,855165.2766284274
D9Y0V,NHS Hampshire and Isle Of Wight ICB - D9Y0V,E54000042,E40000005,South East,2026-12,759362.4732719628
D9Y0V,NHS Hampshire and Isle Of Wight ICB - D9Y0V,E54000042,E40000005,South East,2027-01,893430.0927690853
M2L0M,NHS Shropshire Telford and Wrekin ICB - M2L0M,E54000011,E40000011,Midlands,2026-02,253156.12902592393
M2L0M,NHS Shropshire Telford and Wrekin ICB - M2L0M,E54000011,E40000011,Midlands,2026-03,247035.66182899897
M2L0M,NHS Shropshire Telford and Wrekin ICB - M2L0M,E54000011,E40000011,Midlands,2026-04,249130.6187497857
M2L0M,NHS Shropshire Telford and Wrekin ICB - M2L0M,E54000011,E40000011,Midlands,2026-05,244060.75447265344
M2L0M,NHS Shropshire Telford and Wrekin ICB - M2L0M,E54000011,E40000011,Midlands,2026-06,239626.02655875523
M2L0M,NHS Shropshire Telford and Wrekin ICB - M2L0M,E54000011,E40000011,Midlands,2026-07,258259.75729328571
M2L0M,NHS Shropshire Telford and Wrekin ICB - M2L0M,E54000011,E40000011,Midlands,2026-08,230719.38976029414
M2L0M,NHS Shropshire Telford and Wrekin ICB - M2L0M,E54000011,E40000011,Midlands,2026-09,256009.54040857524
M2L0M,NHS Shropshire Telford and Wrekin ICB - M2L0M,E54000011,E40000011,Midlands,2026-10,306372.56431070063
M2L0M,NHS Shropshire Telford and Wrekin ICB - M2L0M,E54000011,E40000011,Midlands,2026-11,256412.39823090416
M2L0M,NHS Shropshire Telford and Wrekin ICB - M2L0M,E54000011,E40000011,Midlands,2026-12,232284.8332984846
M2L0M,NHS Shropshire Telford and Wrekin ICB - M2L0M,E54000011,E40000011,Midlands,2027-01,273086.41279524256
W2U3Z,NHS North West London ICB - W2U3Z,E54000027,E40000003,London,2026-02,1246178.497251234
W2U3Z,NHS North West London ICB - W2U3Z,E54000027,E40000003,London,2026-03,1263802.160807097
W2U3Z,NHS North West London ICB - W2U3Z,E54000027,E40000003,London,2026-04,1222845.0077395972
W2U3Z,NHS North West London ICB - W2U3Z,E54000027,E40000003,London,2026-05,1248195.4236778466
W2U3Z,NHS North West London ICB - W2U3Z,E54000027,E40000003,London,2026-06,1246697.9345728902
W2U3Z,NHS North West London ICB - W2U3Z,E54000027,E40000003,London,2026-07,1354806.4326522322
W2U3Z,NHS North West London ICB - W2U3Z,E54000027,E40000003,London,2026-08,1173904.750282336
W2U3Z,NHS North West London ICB - W2U3Z,E54000027,E40000003,London,2026-09,1306766.9587268222
W2U3Z,NHS North West London ICB - W2U3Z,E54000027,E40000003,London,2026-10,1473767.2507927346
W2U3Z,NHS North West London ICB - W2U3Z,E54000027,E40000003,London,2026-11,1308642.848253516
W2U3Z,NHS North West London ICB - W2U3Z,E54000027,E40000003,London,2026-12,1177885.5630134165
W2U3Z,NHS North West London ICB - W2U3Z,E54000027,E40000003,London,2027-01,1350039.340747416
X2C4Y,NHS West Yorkshire ICB - X2C4Y,E54000054,E40000012,North East and Yorkshire,2026-02,249093.00187652025
X2C4Y,NHS West Yorkshire ICB - X2C4Y,E54000054,E40000012,North East and Yorkshire,2026-03,252756.3169055609
X2C4Y,NHS West Yorkshire ICB - X2C4Y,E54000054,E40000012,North East and Yorkshire,2026-04,251763.56066877965
X2C4Y,NHS West Yorkshire ICB - X2C4Y,E54000054,E40000012,North East and Yorkshire,2026-05,251340.84309069705
X2C4Y,NHS West Yorkshire ICB - X2C4Y,E54000054,E40000012,North East and Yorkshire,2026-06,245936.94232355276
X2C4Y,NHS West Yorkshire ICB - X2C4Y,E54000054,E40000012,North East and Yorkshire,2026-07,273296.54901192005
X2C4Y,NHS West Yorkshire ICB - X2C4Y,E54000054,E40000012,North East and Yorkshire,2026-08,235668.35157684167
X2C4Y,NHS West Yorkshire ICB - X2C4Y,E54000054,E40000012,North East and Yorkshire,2026-09,265771.5164540647
X2C4Y,NHS West Yorkshire ICB - X2C4Y,E54000054,E40000012,North East and Yorkshire,2026-10,304797.74883079744
X2C4Y,NHS West Yorkshire ICB - X2C4Y,E54000054,E40000012,North East and Yorkshire,2026-11,258072.22152749475
X2C4Y,NHS West Yorkshire ICB - X2C4Y,E54000054,E40000012,North East and Yorkshire,2026-12,239650.92587714558
X2C4Y,NHS West Yorkshire ICB - X2C4Y,E54000054,E40000012,North East and Yorkshire,2027-01,271766.656626855
